userId,startTime,endTime
TEST,2018-10-22 15:26:28,2018-10-22 15:26:30
TEST,2018-10-22 15:28:10,2018-10-22 15:36:10
TEST,2018-10-22 15:39:57,2018-10-22 15:42:02
TEST,2018-10-22 15:42:09,2018-10-22 15:42:40
TEST,2018-10-22 15:51:04,2018-10-22 15:51:30
TEST,2018-10-22 15:43:05,2018-10-22 15:51:30
TEST,2018-10-22 15:56:27,2018-10-22 15:57:16
TEST,2018-10-22 15:54:14,2018-10-22 15:57:17
TEST,2018-10-22 15:51:38,2018-10-22 15:57:17
TEST,2018-10-22 15:57:23,2018-10-22 15:57:23
TEST,2018-10-22 15:57:58,2018-10-22 16:00:28
TEST,2018-10-22 16:04:16,2018-10-22 16:06:27
TEST,2018-10-22 18:21:37,2018-10-22 18:34:06
TEST,2018-10-23 08:47:31,2018-10-23 09:02:32
TEST,2018-10-23 08:49:51,2018-10-23 09:07:09
TEST,2018-10-23 09:16:06,2018-10-23 09:35:16
TEST,2018-10-23 11:42:17,2018-10-23 12:16:59
TEST,2018-10-24 07:20:39,2018-10-24 07:20:52
TEST,2018-10-24 07:23:56,2018-10-24 07:24:37
TEST,2018-10-24 07:29:11,2018-10-24 07:44:12
TEST,2018-10-24 07:44:37,2018-10-24 07:59:38
TEST,2018-10-24 08:29:55,2018-10-24 08:32:21
TEST,2018-10-24 08:36:54,2018-10-24 09:04:38
TEST,2018-10-24 09:57:32,2018-10-24 10:14:46
BSE,2018-10-24 14:01:01,2018-10-24 14:05:36
TEST,2018-10-24 15:07:33,2018-10-24 15:22:34
TEST,2018-10-24 15:11:19,2018-10-24 15:26:19
TEST,2018-10-24 15:27:50,2018-10-24 15:30:07
TEST,2018-10-24 15:30:14,2018-10-24 15:30:36
TEST,2018-10-24 15:33:39,2018-10-24 15:35:56
TEST,2018-10-24 15:36:08,2018-10-24 15:38:48
TEST,2018-10-24 15:38:55,2018-10-24 15:42:22
TEST,2018-10-24 15:46:04,2018-10-24 15:46:44
TEST,2018-10-24 15:44:13,2018-10-24 15:46:44
TEST,2018-10-24 15:48:54,2018-10-24 15:49:07
TEST,2018-10-24 15:48:17,2018-10-24 15:49:07
TEST,2018-10-24 15:46:52,2018-10-24 15:49:07
TEST,2018-10-24 15:49:14,2018-10-24 15:51:22
TEST,2018-10-24 15:51:30,2018-10-24 16:00:36
BSE,2018-10-24 16:00:42,2018-10-24 16:08:17
BSE,2018-10-24 16:14:51,2018-10-24 16:15:00
TEST,2018-10-24 16:12:17,2018-10-24 16:27:18
BSE,2018-10-24 16:42:24,2018-10-24 16:42:33
TEST,2018-10-24 16:46:09,2018-10-24 16:58:15
TEST,2018-10-24 17:01:33,2018-10-24 17:37:48
TEST,2018-10-24 19:46:09,2018-10-24 19:52:21
TEST,2018-10-24 23:12:54,2018-10-24 23:13:45
TEST,2018-10-25 08:16:12,2018-10-25 08:23:37
BSE,2018-10-25 09:21:34,2018-10-25 09:24:54
BSE,2018-10-25 09:41:29,2018-10-25 09:44:25
TEST,2018-10-25 10:08:36,2018-10-25 10:20:33
TEST,2018-10-25 10:23:02,2018-10-25 10:40:36
TEST,2018-10-25 10:40:53,2018-10-25 10:55:54
TEST,2018-10-25 10:18:06,2018-10-25 10:56:41
TEST,2018-10-25 11:03:39,2018-10-25 11:05:24
TEST,2018-10-25 11:17:52,2018-10-25 11:22:23
TEST,2018-10-25 11:25:27,2018-10-25 11:30:50
TEST,2018-10-25 11:17:34,2018-10-25 11:32:34
TEST,2018-10-25 13:54:22,2018-10-25 13:57:20
BSE,2018-10-25 14:09:43,2018-10-25 14:11:39
BSE,2018-10-25 14:14:40,2018-10-25 14:19:16
TEST,2018-10-25 14:18:49,2018-10-25 14:41:03
TEST,2018-10-25 14:41:18,2018-10-25 14:44:36
BSE,2018-10-25 14:46:37,2018-10-25 14:49:13
BSE,2018-10-25 14:49:23,2018-10-25 14:58:46
BSE,2018-10-25 14:58:54,2018-10-25 15:01:35
BSE,2018-10-25 15:01:42,2018-10-25 15:04:15
BSE,2018-10-25 15:08:18,2018-10-25 15:16:07
BSE,2018-10-25 15:04:22,2018-10-25 15:16:07
BSE,2018-10-25 15:17:51,2018-10-25 15:26:55
BSE,2018-10-25 15:16:56,2018-10-25 15:26:55
BSE,2018-10-25 15:16:15,2018-10-25 15:26:55
TEST,2018-10-25 15:27:10,2018-10-25 15:28:00
TEST,2018-10-25 15:36:55,2018-10-25 15:45:13
BRIAN,2018-10-25 15:48:42,2018-10-25 15:48:50
BRIAN,2018-10-25 15:49:06,2018-10-25 15:49:17
TEST,2018-10-25 15:45:25,2018-10-25 15:49:56
TEST,2018-10-25 15:53:25,2018-10-25 15:53:32
BRIAN,2018-10-25 15:53:51,2018-10-25 16:02:59
BRIAN,2018-10-25 16:05:02,2018-10-25 16:06:01
BRIAN,2018-10-25 16:07:41,2018-10-25 16:08:28
BRIAN,2018-10-25 16:10:45,2018-10-25 16:11:01
BRIAN,2018-10-25 16:11:48,2018-10-25 16:13:46
BRIAN,2018-10-25 16:13:53,2018-10-25 16:14:24
BRIAN,2018-10-25 16:14:28,2018-10-25 16:15:21
TEST,2018-10-25 16:16:06,2018-10-25 16:18:02
TEST,2018-10-25 16:18:47,2018-10-25 16:20:31
TEST,2018-10-25 16:20:47,2018-10-25 16:22:39
TEST,2018-10-25 16:21:52,2018-10-25 16:22:54
TEST,2018-10-25 16:28:50,2018-10-25 16:28:53
TEST,2018-10-25 16:30:26,2018-10-25 16:33:40
TEST,2018-10-25 16:33:47,2018-10-25 16:34:37
TEST,2018-10-25 16:37:04,2018-10-25 16:37:21
TEST,2018-10-25 16:41:14,2018-10-25 16:44:17
TEST,2018-10-25 16:51:01,2018-10-25 16:51:36
TEST,2018-10-25 16:53:39,2018-10-25 16:57:25
TEST,2018-10-25 17:11:00,2018-10-25 17:11:57
TEST,2018-10-25 17:12:05,2018-10-25 17:12:07
BRIAN,2018-10-25 17:12:14,2018-10-25 17:13:24
BRIAN,2018-10-25 17:13:36,2018-10-25 17:31:18
BRIAN,2018-10-25 17:35:41,2018-10-25 17:55:29
TEST,2018-10-25 18:00:25,2018-10-25 18:02:39
BRIAN,2018-10-25 17:55:39,2018-10-25 18:22:11
TEST,2018-10-25 18:28:45,2018-10-25 18:31:02
BRIAN,2018-10-25 19:02:59,2018-10-25 19:08:42
TEST,2018-10-25 19:00:50,2018-10-25 19:19:36
KEVIN,2018-10-25 19:35:52,2018-10-25 19:37:23
BRIAN,2018-10-26 04:26:32,2018-10-26 04:27:47
TEST,2018-10-26 09:58:06,2018-10-26 10:02:25
BRIAN,2018-10-26 20:20:41,2018-10-26 20:21:29
TEST,2018-10-26 20:56:47,2018-10-26 21:00:07
BRIAN,2018-10-27 08:19:02,2018-10-27 08:49:29
BRIAN,2018-10-27 09:37:40,2018-10-27 09:38:53
BRIAN,2018-10-27 12:43:36,2018-10-27 13:02:37
BRIAN,2018-10-27 13:07:17,2018-10-27 13:48:09
BRIAN,2018-10-27 15:43:00,2018-10-27 15:45:01
TEST,2018-10-27 17:09:17,2018-10-27 17:24:18
TEST,2018-10-27 17:26:18,2018-10-27 17:41:19
BRIAN,2018-10-27 16:59:42,2018-10-27 17:59:45
TEST,2018-10-28 10:14:38,2018-10-28 10:29:38
TEST,2018-10-28 10:31:08,2018-10-28 10:46:09
TEST,2018-10-28 10:46:39,2018-10-28 11:01:39
TEST,2018-10-28 11:03:16,2018-10-28 11:05:09
TEST,2018-10-28 11:16:50,2018-10-28 11:54:23
TEST,2018-10-28 18:08:23,2018-10-28 18:12:14
TEST,2018-10-29 08:07:59,2018-10-29 08:22:59
BECCA,2018-10-29 08:51:07,2018-10-29 08:52:17
BRIAN,2018-10-29 09:04:55,2018-10-29 09:21:14
BRIAN,2018-10-29 09:22:55,2018-10-29 09:46:36
BRIAN,2018-10-29 09:48:37,2018-10-29 10:03:38
TIM,2018-10-29 09:50:14,2018-10-29 10:05:15
BRIAN,2018-10-29 10:08:43,2018-10-29 10:23:45
TIM,2018-10-29 10:14:17,2018-10-29 10:29:48
BRIAN,2018-10-29 10:24:05,2018-10-29 10:29:50
BRIAN,2018-10-29 10:30:31,2018-10-29 10:48:38
TIM,2018-10-29 10:36:55,2018-10-29 10:51:56
KEVIN,2018-10-29 10:48:34,2018-10-29 11:00:35
BRIAN,2018-10-29 10:48:53,2018-10-29 11:03:54
TIM,2018-10-29 10:52:51,2018-10-29 11:07:52
TIM,2018-10-29 11:20:10,2018-10-29 11:35:11
KEVIN,2018-10-29 11:44:02,2018-10-29 11:59:01
BRIAN,2018-10-29 11:04:10,2018-10-29 12:09:05
TIM,2018-10-29 12:11:50,2018-10-29 12:29:56
BRIAN,2018-10-29 12:09:19,2018-10-29 12:37:50
BRIAN,2018-10-29 12:51:00,2018-10-29 13:09:47
TIM,2018-10-29 12:56:01,2018-10-29 13:11:02
BRIAN,2018-10-29 14:38:08,2018-10-29 14:42:33
TEST,2018-10-29 15:14:19,2018-10-29 15:26:16
KEVIN,2018-10-29 15:54:21,2018-10-29 16:17:18
BRIAN,2018-10-29 15:52:55,2018-10-29 16:45:44
KEVIN,2018-10-29 16:24:07,2018-10-29 16:49:42
BRIAN,2018-10-29 17:50:14,2018-10-29 17:50:51
BRIAN,2018-10-30 07:43:13,2018-10-30 07:43:44
TEST,2018-10-30 08:35:33,2018-10-30 08:36:06
TEST,2018-10-30 08:39:02,2018-10-30 08:39:50
TEST,2018-10-30 08:42:33,2018-10-30 08:43:10
BRIAN,2018-10-30 08:13:54,2018-10-30 09:04:59
BRIAN,2018-10-30 09:26:53,2018-10-30 09:42:33
BRIAN,2018-10-30 13:17:46,2018-10-30 13:34:53
TEST,2018-10-30 13:44:13,2018-10-30 13:53:49
KEVIN,2018-10-30 13:48:08,2018-10-30 14:32:27
BRIAN,2018-10-30 15:02:17,2018-10-30 15:17:32
BECCA,2018-10-30 15:31:18,2018-10-30 15:57:32
KEVIN,2018-10-30 16:06:33,2018-10-30 16:08:32
KEVIN,2018-10-30 16:10:13,2018-10-30 16:18:08
BRIAN,2018-10-30 15:20:34,2018-10-30 17:02:37
KEVIN,2018-10-30 16:18:22,2018-10-30 17:43:13
KEVIN,2018-10-30 17:43:29,2018-10-30 18:07:33
TEST,2018-10-30 18:00:11,2018-10-30 18:41:00
BECCA,2018-10-31 07:43:33,2018-10-31 07:46:25
KEVIN,2018-10-31 14:06:25,2018-10-31 14:16:04
KEVIN,2018-10-31 14:16:13,2018-10-31 14:23:05
KEVIN,2018-10-31 14:23:14,2018-10-31 14:38:14
BRIAN,2018-10-31 15:29:48,2018-10-31 16:36:01
KEVIN,2018-10-31 16:35:55,2018-10-31 16:50:55
KEVIN,2018-10-31 16:51:07,2018-10-31 17:36:37
BRIAN,2018-10-31 18:12:22,2018-10-31 18:16:26
KEVIN,2018-11-01 07:22:56,2018-11-01 07:24:16
KEVIN,2018-11-01 07:43:19,2018-11-01 08:02:20
KEVIN,2018-11-01 08:09:32,2018-11-01 08:24:34
KEVIN,2018-11-01 08:30:56,2018-11-01 08:39:29
TEST,2018-11-01 09:37:10,2018-11-01 09:52:11
TEST,2018-11-01 10:23:43,2018-11-01 10:35:33
KEVIN,2018-11-01 10:51:31,2018-11-01 10:52:23
BECCA,2018-11-01 11:09:27,2018-11-01 11:10:25
KEVIN,2018-11-01 11:17:45,2018-11-01 11:32:46
KEVIN,2018-11-01 11:33:16,2018-11-01 11:48:17
KEVIN,2018-11-01 11:48:52,2018-11-01 12:02:26
BRIAN,2018-11-01 11:49:03,2018-11-01 12:04:17
KEVIN,2018-11-01 12:08:25,2018-11-01 12:19:12
KEVIN,2018-11-01 12:22:15,2018-11-01 12:23:06
BRIAN,2018-11-01 12:54:00,2018-11-01 13:02:17
BRIAN,2018-11-01 13:05:13,2018-11-01 13:18:09
KEVIN,2018-11-01 13:27:04,2018-11-01 13:42:05
KEVIN,2018-11-01 13:55:11,2018-11-01 14:00:36
KEVIN,2018-11-01 14:13:49,2018-11-01 14:28:51
BECCA,2018-11-01 14:37:45,2018-11-01 14:40:55
KEVIN,2018-11-01 14:29:39,2018-11-01 14:44:40
BECCA,2018-11-01 14:58:33,2018-11-01 15:13:34
KEVIN,2018-11-01 15:25:52,2018-11-01 15:43:16
KEVIN,2018-11-01 15:44:45,2018-11-01 15:59:45
KEVIN,2018-11-01 15:59:57,2018-11-01 16:04:40
KEVIN,2018-11-01 16:24:20,2018-11-01 16:37:25
KEVIN,2018-11-01 16:37:37,2018-11-01 17:06:42
KEVIN,2018-11-01 17:08:19,2018-11-01 17:36:59
BRIAN,2018-11-01 17:06:58,2018-11-01 18:13:28
KEVIN,2018-11-02 07:32:01,2018-11-02 07:41:35
KEVIN,2018-11-02 07:42:10,2018-11-02 07:57:11
KEVIN,2018-11-02 07:57:26,2018-11-02 08:12:27
KEVIN,2018-11-02 08:14:43,2018-11-02 08:38:44
KEVIN,2018-11-02 08:39:43,2018-11-02 08:42:13
BRIAN,2018-11-02 08:51:08,2018-11-02 09:25:56
KEVIN,2018-11-02 09:45:35,2018-11-02 10:00:36
KEVIN,2018-11-02 10:00:45,2018-11-02 10:15:47
BECCA,2018-11-02 10:23:20,2018-11-02 10:24:01
KEVIN,2018-11-02 10:15:57,2018-11-02 10:30:59
KEVIN,2018-11-02 10:31:32,2018-11-02 10:46:33
KEVIN,2018-11-02 11:42:09,2018-11-02 11:57:10
TEST,2018-11-02 11:43:42,2018-11-02 12:01:18
BECCA,2018-11-02 12:01:34,2018-11-02 12:18:49
BECCA,2018-11-02 12:19:23,2018-11-02 12:22:16
KEVIN,2018-11-02 12:18:39,2018-11-02 12:33:40
KEVIN,2018-11-02 12:48:22,2018-11-02 13:12:58
TIM,2018-11-02 13:00:05,2018-11-02 13:15:52
KEVIN,2018-11-02 14:10:46,2018-11-02 14:46:56
KEVIN,2018-11-02 14:48:06,2018-11-02 15:08:29
BRIAN,2018-11-02 14:49:11,2018-11-02 15:08:40
KEVIN,2018-11-02 15:09:01,2018-11-02 15:24:02
KEVIN,2018-11-02 15:24:21,2018-11-02 15:33:14
BECCA,2018-11-02 15:21:07,2018-11-02 15:36:08
KEVIN,2018-11-02 15:35:24,2018-11-02 15:51:51
BECCA,2018-11-02 15:44:41,2018-11-02 16:06:41
BRIAN,2018-11-02 15:41:41,2018-11-02 16:14:24
KEVIN,2018-11-02 16:02:32,2018-11-02 16:17:34
BECCA,2018-11-02 16:14:21,2018-11-02 16:29:21
BRIAN,2018-11-02 16:18:41,2018-11-02 16:39:31
BECCA,2018-11-02 16:29:42,2018-11-02 16:42:33
BECCA,2018-11-02 16:45:43,2018-11-02 17:00:44
BRIAN,2018-11-02 16:41:04,2018-11-02 17:14:14
TEST,2018-11-02 17:16:31,2018-11-02 17:21:18
BECCA,2018-11-02 17:05:32,2018-11-02 17:21:45
BECCA,2018-11-02 17:41:51,2018-11-02 17:56:52
BECCA,2018-11-02 17:57:07,2018-11-02 18:01:50
BRIAN,2018-11-02 17:47:34,2018-11-02 18:17:03
KEVIN,2018-11-03 07:32:47,2018-11-03 07:47:47
KEVIN,2018-11-03 07:50:24,2018-11-03 08:05:25
KEVIN,2018-11-03 08:08:25,2018-11-03 08:41:32
KEVIN,2018-11-03 09:40:15,2018-11-03 11:29:18
KEVIN,2018-11-03 11:30:04,2018-11-03 11:45:05
KEVIN,2018-11-03 12:08:43,2018-11-03 12:10:00
KEVIN,2018-11-03 11:45:37,2018-11-03 12:10:05
KEVIN,2018-11-03 12:19:41,2018-11-03 12:34:29
KEVIN,2018-11-03 13:10:11,2018-11-03 13:14:51
KEVIN,2018-11-03 13:23:20,2018-11-03 13:29:33
KEVIN,2018-11-03 13:40:51,2018-11-03 13:54:29
KEVIN,2018-11-03 16:52:35,2018-11-03 17:17:10
KEVIN,2018-11-03 17:33:45,2018-11-03 17:58:30
BRIAN,2018-11-03 18:09:39,2018-11-03 18:17:58
BRIAN,2018-11-04 06:46:56,2018-11-04 06:54:37
KEVIN,2018-11-04 06:46:37,2018-11-04 08:18:53
BRIAN,2018-11-04 08:37:06,2018-11-04 08:49:02
KEVIN,2018-11-04 08:35:10,2018-11-04 08:50:10
BRIAN,2018-11-04 09:31:58,2018-11-04 09:32:23
BRIAN,2018-11-04 09:55:59,2018-11-04 10:11:00
BRIAN,2018-11-04 10:22:55,2018-11-04 10:27:42
KEVIN,2018-11-04 10:48:56,2018-11-04 11:01:18
KEVIN,2018-11-04 11:47:36,2018-11-04 11:51:10
KEVIN,2018-11-04 11:53:02,2018-11-04 11:53:51
KEVIN,2018-11-04 11:57:48,2018-11-04 11:59:42
BRIAN,2018-11-04 12:21:13,2018-11-04 13:13:06
BRIAN,2018-11-04 13:11:30,2018-11-04 13:26:30
BRIAN,2018-11-04 13:26:40,2018-11-04 13:41:40
KEVIN,2018-11-04 13:33:15,2018-11-04 13:50:07
BRIAN,2018-11-04 14:26:18,2018-11-04 14:33:29
KEVIN,2018-11-04 14:12:44,2018-11-04 15:52:32
KEVIN,2018-11-04 15:53:02,2018-11-04 15:53:57
KEVIN,2018-11-04 16:22:02,2018-11-04 16:29:01
KEVIN,2018-11-04 16:32:28,2018-11-04 16:44:12
KEVIN,2018-11-04 18:28:18,2018-11-04 18:29:21
TEST,2018-11-05 06:16:10,2018-11-05 06:16:29
TEST,2018-11-05 06:19:55,2018-11-05 06:20:23
TEST,2018-11-05 06:20:30,2018-11-05 06:20:44
TEST,2018-11-05 06:20:52,2018-11-05 06:21:25
TEST,2018-11-05 06:21:32,2018-11-05 06:24:46
TEST,2018-11-05 06:37:38,2018-11-05 06:52:42
BRIAN,2018-11-05 06:56:31,2018-11-05 07:33:22
KEVIN,2018-11-05 07:25:47,2018-11-05 08:20:45
KEVIN,2018-11-05 08:20:59,2018-11-05 08:30:37
BECCA,2018-11-05 08:20:58,2018-11-05 08:35:59
BECCA,2018-11-05 08:46:39,2018-11-05 08:50:19
KEVIN,2018-11-05 09:51:52,2018-11-05 10:07:36
BECCA,2018-11-05 10:59:55,2018-11-05 11:24:25
BECCA,2018-11-05 11:51:56,2018-11-05 12:06:57
KEVIN,2018-11-05 12:04:37,2018-11-05 12:08:42
KEVIN,2018-11-05 13:40:11,2018-11-05 13:41:17
BRIAN,2018-11-05 13:25:21,2018-11-05 13:44:01
BECCA,2018-11-05 13:36:07,2018-11-05 13:52:58
KEVIN,2018-11-05 14:04:13,2018-11-05 14:04:59
KEVIN,2018-11-05 14:16:37,2018-11-05 14:16:39
KEVIN,2018-11-05 14:21:03,2018-11-05 14:22:02
KEVIN,2018-11-05 14:25:11,2018-11-05 14:40:00
KEVIN,2018-11-05 14:48:20,2018-11-05 14:54:23
KEVIN,2018-11-05 14:53:41,2018-11-05 14:55:18
BECCA,2018-11-05 14:22:06,2018-11-05 14:56:11
KEVIN,2018-11-05 15:08:59,2018-11-05 15:21:08
KEVIN,2018-11-05 15:30:28,2018-11-05 15:31:56
KEVIN,2018-11-05 15:42:21,2018-11-05 15:42:56
KEVIN,2018-11-06 06:50:56,2018-11-06 07:05:57
KEVIN,2018-11-06 07:19:57,2018-11-06 07:20:13
KEVIN,2018-11-06 09:53:04,2018-11-06 10:02:12
KEVIN,2018-11-06 10:07:37,2018-11-06 10:14:22
KEVIN,2018-11-06 10:39:16,2018-11-06 10:39:36
KEVIN,2018-11-06 10:52:11,2018-11-06 10:52:36
BRIAN,2018-11-06 11:09:28,2018-11-06 11:12:07
KEVIN,2018-11-06 11:53:34,2018-11-06 11:53:56
KEVIN,2018-11-06 12:05:18,2018-11-06 12:17:29
KEVIN,2018-11-06 13:26:24,2018-11-06 13:36:27
KEVIN,2018-11-06 13:56:06,2018-11-06 14:09:21
KEVIN,2018-11-06 14:11:55,2018-11-06 14:27:43
KEVIN,2018-11-06 14:30:33,2018-11-06 14:32:29
KEVIN,2018-11-06 14:37:58,2018-11-06 14:43:32
KEVIN,2018-11-06 15:09:29,2018-11-06 16:00:45
KEVIN,2018-11-06 16:30:21,2018-11-06 16:31:24
TEST,2018-11-06 16:27:11,2018-11-06 16:37:12
TEST,2018-11-06 16:37:24,2018-11-06 16:39:00
BECCA,2018-11-07 08:25:48,2018-11-07 08:35:00
BECCA,2018-11-07 08:37:25,2018-11-07 08:48:03
BRIAN,2018-11-07 09:23:13,2018-11-07 09:23:27
TEST,2018-11-07 09:33:27,2018-11-07 09:35:14
TEST,2018-11-07 10:53:56,2018-11-07 11:04:27
BECCA,2018-11-07 11:09:43,2018-11-07 11:12:01
TEST,2018-11-07 11:04:40,2018-11-07 11:19:41
TEST,2018-11-07 11:42:19,2018-11-07 11:57:46
TEST,2018-11-07 12:01:22,2018-11-07 12:16:23
BECCA,2018-11-07 12:11:29,2018-11-07 12:18:12
BECCA,2018-11-07 12:27:38,2018-11-07 12:36:47
TEST,2018-11-07 12:31:00,2018-11-07 12:48:09
TEST,2018-11-07 12:50:52,2018-11-07 13:05:53
BECCA,2018-11-07 13:02:41,2018-11-07 13:18:53
TEST,2018-11-07 13:26:56,2018-11-07 13:42:34
TEST,2018-11-07 13:51:39,2018-11-07 14:06:40
TEST,2018-11-07 14:24:33,2018-11-07 14:39:34
TEST,2018-11-07 16:09:27,2018-11-07 16:25:43
KEVIN,2018-11-07 16:52:08,2018-11-07 17:02:26
BRIAN,2018-11-07 17:12:17,2018-11-07 17:14:22
TEST,2018-11-07 17:08:17,2018-11-07 17:23:18
BRIAN,2018-11-08 06:58:53,2018-11-08 07:00:19
KEVIN,2018-11-08 07:17:01,2018-11-08 07:17:29
KEVIN,2018-11-08 07:40:00,2018-11-08 07:40:30
KEVIN,2018-11-08 07:50:59,2018-11-08 07:51:48
KEVIN,2018-11-08 08:09:43,2018-11-08 08:10:09
BECCA,2018-11-08 08:10:34,2018-11-08 08:14:40
KEVIN,2018-11-08 09:47:16,2018-11-08 09:47:55
KEVIN,2018-11-08 10:43:42,2018-11-08 10:44:30
KEVIN,2018-11-08 11:28:44,2018-11-08 11:30:49
KEVIN,2018-11-08 11:37:05,2018-11-08 11:40:16
KEVIN,2018-11-08 11:46:04,2018-11-08 11:46:37
KEVIN,2018-11-08 11:55:07,2018-11-08 11:55:27
KEVIN,2018-11-08 12:05:04,2018-11-08 12:10:55
KEVIN,2018-11-08 12:16:16,2018-11-08 12:48:55
KEVIN,2018-11-08 13:08:52,2018-11-08 13:12:04
KEVIN,2018-11-08 13:24:02,2018-11-08 13:24:42
KEVIN,2018-11-08 13:24:54,2018-11-08 13:25:08
KEVIN,2018-11-08 13:54:45,2018-11-08 13:55:52
TEST,2018-11-08 13:52:23,2018-11-08 14:03:43
KEVIN,2018-11-08 14:39:28,2018-11-08 14:40:02
TEST,2018-11-08 14:29:22,2018-11-08 14:44:23
KEVIN,2018-11-08 14:45:37,2018-11-08 15:00:18
TEST,2018-11-08 15:20:53,2018-11-08 15:35:33
KEVIN,2018-11-08 15:09:47,2018-11-08 15:43:30
KEVIN,2018-11-08 15:45:39,2018-11-08 16:19:14
KEVIN,2018-11-08 16:26:36,2018-11-08 16:33:56
KEVIN,2018-11-08 16:58:36,2018-11-08 16:58:50
BECCA,2018-11-08 16:58:06,2018-11-08 17:19:03
KEVIN,2018-11-08 17:56:07,2018-11-08 17:56:26
KEVIN,2018-11-09 07:15:36,2018-11-09 07:36:43
KEVIN,2018-11-09 07:45:27,2018-11-09 07:46:23
KEVIN,2018-11-09 08:07:02,2018-11-09 08:32:38
BECCA,2018-11-09 08:27:07,2018-11-09 08:42:07
BRIAN,2018-11-09 08:39:35,2018-11-09 08:54:35
BECCA,2018-11-09 09:01:14,2018-11-09 09:20:54
BECCA,2018-11-09 09:25:24,2018-11-09 09:25:38
KEVIN,2018-11-09 09:46:04,2018-11-09 09:52:37
KEVIN,2018-11-09 09:55:47,2018-11-09 09:56:28
KEVIN,2018-11-09 10:06:15,2018-11-09 10:21:16
BECCA,2018-11-09 10:27:09,2018-11-09 10:41:36
KEVIN,2018-11-09 10:54:46,2018-11-09 10:57:02
KEVIN,2018-11-09 11:12:12,2018-11-09 11:19:44
BECCA,2018-11-09 11:21:56,2018-11-09 11:22:24
BECCA,2018-11-09 11:24:05,2018-11-09 11:34:39
BECCA,2018-11-09 11:42:29,2018-11-09 11:52:33
KEVIN,2018-11-09 11:56:53,2018-11-09 12:13:01
BECCA,2018-11-09 12:27:01,2018-11-09 12:51:42
KEVIN,2018-11-09 12:49:45,2018-11-09 12:53:21
KEVIN,2018-11-09 12:59:52,2018-11-09 13:01:11
KEVIN,2018-11-09 12:16:57,2018-11-09 13:02:33
KEVIN,2018-11-09 13:13:04,2018-11-09 13:13:10
KEVIN,2018-11-09 13:16:27,2018-11-09 13:16:35
BECCA,2018-11-09 12:51:50,2018-11-09 13:23:59
KEVIN,2018-11-09 13:19:59,2018-11-09 13:29:28
KEVIN,2018-11-09 13:31:35,2018-11-09 13:33:19
BECCA,2018-11-09 13:24:10,2018-11-09 13:42:01
KEVIN,2018-11-09 13:35:39,2018-11-09 13:47:03
KEVIN,2018-11-09 13:56:35,2018-11-09 14:04:31
KEVIN,2018-11-09 14:06:11,2018-11-09 14:18:23
KEVIN,2018-11-09 14:29:00,2018-11-09 14:29:18
KEVIN,2018-11-09 14:38:45,2018-11-09 14:42:00
BECCA,2018-11-09 15:40:11,2018-11-09 15:52:30
BECCA,2018-11-09 15:54:04,2018-11-09 15:56:22
KEVIN,2018-11-09 16:01:20,2018-11-09 16:02:58
BECCA,2018-11-09 15:56:30,2018-11-09 16:11:38
KEVIN,2018-11-09 16:50:29,2018-11-09 16:50:37
BRIAN,2018-11-10 06:29:53,2018-11-10 06:44:54
BRIAN,2018-11-10 06:51:47,2018-11-10 07:17:27
BRIAN,2018-11-10 07:37:43,2018-11-10 07:59:55
BRIAN,2018-11-10 11:43:14,2018-11-10 11:47:11
BRIAN,2018-11-10 11:58:23,2018-11-10 12:10:36
BRIAN,2018-11-10 12:14:46,2018-11-10 12:17:12
BRIAN,2018-11-10 12:24:14,2018-11-10 13:25:19
BRIAN,2018-11-10 13:49:20,2018-11-10 14:17:08
BRIAN,2018-11-11 07:26:05,2018-11-11 07:42:25
BRIAN,2018-11-11 07:48:32,2018-11-11 08:33:42
BRIAN,2018-11-11 09:54:28,2018-11-11 10:19:20
BRIAN,2018-11-11 10:26:32,2018-11-11 10:48:20
BRIAN,2018-11-11 12:44:41,2018-11-11 12:48:26
BRIAN,2018-11-11 15:09:05,2018-11-11 15:12:46
BECCA,2018-11-11 15:15:34,2018-11-11 15:42:25
BECCA,2018-11-11 15:42:38,2018-11-11 16:38:59
BRIAN,2018-11-11 16:32:03,2018-11-11 16:42:42
TEST,2018-11-11 18:28:57,2018-11-11 18:43:59
BRIAN,2018-11-12 06:50:07,2018-11-12 06:50:44
TEST,2018-11-12 07:07:43,2018-11-12 07:07:55
BRIAN,2018-11-12 07:08:04,2018-11-12 07:24:33
TEST,2018-11-12 07:24:39,2018-11-12 07:37:01
BRIAN,2018-11-12 07:37:10,2018-11-12 08:02:43
BRIAN,2018-11-12 08:08:02,2018-11-12 08:26:10
BRIAN,2018-11-12 08:30:56,2018-11-12 08:58:08
BRIAN,2018-11-12 09:08:10,2018-11-12 09:14:02
KEVIN,2018-11-12 09:51:03,2018-11-12 09:51:42
BRIAN,2018-11-12 09:35:37,2018-11-12 10:18:52
BRIAN,2018-11-12 11:43:56,2018-11-12 11:45:21
BRIAN,2018-11-12 12:27:11,2018-11-12 12:42:12
BRIAN,2018-11-12 12:42:21,2018-11-12 12:48:33
BRIAN,2018-11-12 15:58:54,2018-11-12 16:35:40
TEST,2018-11-13 06:20:35,2018-11-13 06:21:16
KEVIN,2018-11-13 07:00:43,2018-11-13 07:02:46
BRIAN,2018-11-13 07:14:15,2018-11-13 07:15:17
KEVIN,2018-11-13 07:07:30,2018-11-13 07:21:59
KEVIN,2018-11-13 07:26:22,2018-11-13 07:27:34
KEVIN,2018-11-13 07:33:41,2018-11-13 07:33:58
TIM,2018-11-13 07:55:31,2018-11-13 08:03:02
DENISSE,2018-11-13 08:48:25,2018-11-13 09:22:26
KEVIN,2018-11-13 10:10:17,2018-11-13 10:10:43
BECCA,2018-11-13 10:29:24,2018-11-13 10:29:54
BECCA,2018-11-13 11:06:31,2018-11-13 11:07:01
BECCA,2018-11-13 11:37:10,2018-11-13 11:57:35
BECCA,2018-11-13 12:07:57,2018-11-13 12:21:09
TEST,2018-11-13 12:25:01,2018-11-13 12:40:02
TIM,2018-11-13 12:59:05,2018-11-13 13:00:06
KEVIN,2018-11-13 12:44:43,2018-11-13 13:14:07
BECCA,2018-11-13 13:10:09,2018-11-13 13:15:50
BECCA,2018-11-13 13:20:36,2018-11-13 13:20:56
BRIAN,2018-11-13 13:35:59,2018-11-13 13:40:51
KEVIN,2018-11-13 13:50:48,2018-11-13 14:05:50
KEVIN,2018-11-13 14:32:18,2018-11-13 14:47:19
KEVIN,2018-11-13 15:10:35,2018-11-13 15:11:13
BECCA,2018-11-13 15:15:08,2018-11-13 15:18:10
BECCA,2018-11-13 15:27:17,2018-11-13 15:46:39
KEVIN,2018-11-13 15:58:54,2018-11-13 16:12:01
KEVIN,2018-11-13 16:15:21,2018-11-13 16:22:04
KEVIN,2018-11-13 16:22:10,2018-11-13 16:25:28
KEVIN,2018-11-13 16:27:23,2018-11-13 16:29:00
KEVIN,2018-11-13 16:30:36,2018-11-13 16:31:51
KEVIN,2018-11-13 16:35:14,2018-11-13 16:35:53
BRIAN,2018-11-13 16:37:09,2018-11-13 16:46:23
KEVIN,2018-11-13 16:50:09,2018-11-13 16:53:42
KEVIN,2018-11-13 17:04:23,2018-11-13 17:04:41
BRIAN,2018-11-13 17:01:45,2018-11-13 17:08:13
BRIAN,2018-11-13 20:55:08,2018-11-13 20:57:16
DENISSE,2018-11-13 20:56:51,2018-11-13 21:10:30
KEVIN,2018-11-14 06:39:40,2018-11-14 06:40:30
BRIAN,2018-11-14 06:37:34,2018-11-14 06:46:47
BRIAN,2018-11-14 06:46:52,2018-11-14 07:14:27
BRIAN,2018-11-14 08:22:20,2018-11-14 08:27:52
KEVIN,2018-11-14 08:08:32,2018-11-14 08:45:37
KEVIN,2018-11-14 08:45:48,2018-11-14 08:55:20
BECCA,2018-11-14 08:41:42,2018-11-14 08:57:30
BECCA,2018-11-14 08:57:52,2018-11-14 09:12:53
BECCA,2018-11-14 09:13:39,2018-11-14 09:27:12
KEVIN,2018-11-14 09:42:48,2018-11-14 09:53:30
KEVIN,2018-11-14 09:53:39,2018-11-14 09:54:08
KEVIN,2018-11-14 09:59:40,2018-11-14 10:11:45
KEVIN,2018-11-14 10:22:21,2018-11-14 10:22:54
KEVIN,2018-11-14 10:11:58,2018-11-14 10:26:59
KEVIN,2018-11-14 10:35:49,2018-11-14 10:36:07
KEVIN,2018-11-14 10:53:40,2018-11-14 11:03:07
TIM,2018-11-14 11:02:33,2018-11-14 11:03:57
KEVIN,2018-11-14 11:17:35,2018-11-14 11:37:44
KEVIN,2018-11-14 11:55:17,2018-11-14 12:08:29
KEVIN,2018-11-14 12:29:16,2018-11-14 12:30:53
KEVIN,2018-11-14 12:38:00,2018-11-14 12:43:08
KEVIN,2018-11-14 12:54:30,2018-11-14 12:58:25
KEVIN,2018-11-14 13:03:29,2018-11-14 13:05:44
BECCA,2018-11-14 13:21:29,2018-11-14 13:22:06
KEVIN,2018-11-14 13:16:18,2018-11-14 13:24:19
KEVIN,2018-11-14 13:28:00,2018-11-14 13:28:00
KEVIN,2018-11-14 13:29:50,2018-11-14 13:30:44
KEVIN,2018-11-14 13:32:25,2018-11-14 13:35:01
KEVIN,2018-11-14 14:20:27,2018-11-14 14:23:16
KEVIN,2018-11-14 14:55:02,2018-11-14 14:55:28
BRIAN,2018-11-14 15:02:12,2018-11-14 15:06:13
KEVIN,2018-11-14 15:21:51,2018-11-14 15:22:12
KEVIN,2018-11-14 15:43:25,2018-11-14 15:44:42
BRIAN,2018-11-14 15:46:43,2018-11-14 15:49:28
KEVIN,2018-11-14 16:24:02,2018-11-14 16:24:29
KEVIN,2018-11-14 16:41:05,2018-11-14 16:57:38
TEST,2018-11-14 18:13:35,2018-11-14 18:15:55
KEVIN,2018-11-15 07:06:16,2018-11-15 07:56:10
KEVIN,2018-11-15 08:01:37,2018-11-15 08:24:31
BRIAN,2018-11-15 08:07:37,2018-11-15 08:42:37
BRIAN,2018-11-15 09:07:04,2018-11-15 09:17:54
DENISSE,2018-11-15 09:15:00,2018-11-15 09:46:38
KEVIN,2018-11-15 09:50:50,2018-11-15 09:51:18
KEVIN,2018-11-15 09:54:21,2018-11-15 09:58:39
BECCA,2018-11-15 10:01:08,2018-11-15 10:07:45
KEVIN,2018-11-15 10:02:25,2018-11-15 10:17:29
BECCA,2018-11-15 10:07:55,2018-11-15 10:31:28
BRIAN,2018-11-15 09:54:39,2018-11-15 10:32:43
KEVIN,2018-11-15 10:37:48,2018-11-15 10:38:51
KEVIN,2018-11-15 11:04:45,2018-11-15 11:05:02
BRIAN,2018-11-15 11:30:26,2018-11-15 11:45:27
KEVIN,2018-11-15 11:45:32,2018-11-15 11:49:04
TEST,2018-11-15 12:27:55,2018-11-15 12:33:28
BRIAN,2018-11-15 11:55:26,2018-11-15 12:34:19
BECCA,2018-11-15 12:19:53,2018-11-15 12:39:06
BRIAN,2018-11-15 13:49:14,2018-11-15 14:06:08
BECCA,2018-11-15 14:33:19,2018-11-15 14:38:15
ESTHER,2018-11-15 14:49:59,2018-11-15 14:56:41
BRIAN,2018-11-15 15:18:19,2018-11-15 15:26:03
BRIAN,2018-11-15 15:46:31,2018-11-15 15:47:20
KEVIN,2018-11-15 16:07:18,2018-11-15 16:08:13
KEVIN,2018-11-15 16:49:52,2018-11-15 16:52:04
BECCA,2018-11-15 16:55:43,2018-11-15 17:10:44
BECCA,2018-11-15 17:14:28,2018-11-15 17:14:55
TEST,2018-11-15 22:08:31,2018-11-15 22:09:32
KEVIN,2018-11-16 06:18:40,2018-11-16 06:20:38
KEVIN,2018-11-16 06:31:14,2018-11-16 06:34:29
KEVIN,2018-11-16 06:34:37,2018-11-16 07:49:57
KEVIN,2018-11-16 07:50:08,2018-11-16 08:01:29
KEVIN,2018-11-16 08:32:07,2018-11-16 08:32:50
TEST,2018-11-16 09:17:37,2018-11-16 09:18:05
BRIAN,2018-11-16 09:33:38,2018-11-16 09:40:18
KEVIN,2018-11-16 09:47:38,2018-11-16 09:48:05
KEVIN,2018-11-16 09:48:15,2018-11-16 09:48:58
KEVIN,2018-11-16 10:17:23,2018-11-16 10:21:51
TEST,2018-11-16 10:47:01,2018-11-16 10:53:41
TEST,2018-11-16 10:53:41,2018-11-16 11:11:42
KEVIN,2018-11-16 11:19:36,2018-11-16 11:23:45
BECCA,2018-11-16 11:26:04,2018-11-16 11:43:09
KEVIN,2018-11-16 11:38:55,2018-11-16 11:47:40
TEST,2018-11-16 11:54:18,2018-11-16 11:58:58
TEST,2018-11-16 11:34:56,2018-11-16 12:02:56
BECCA,2018-11-16 12:32:15,2018-11-16 12:56:25
BECCA,2018-11-16 12:58:28,2018-11-16 13:00:00
KEVIN,2018-11-16 12:59:15,2018-11-16 13:00:13
BRIAN,2018-11-16 13:10:03,2018-11-16 13:10:16
KEVIN,2018-11-16 13:09:39,2018-11-16 13:35:16
BRIAN,2018-11-16 15:04:35,2018-11-16 15:05:10
BECCA,2018-11-16 15:01:19,2018-11-16 15:08:19
TIM,2018-11-16 15:07:19,2018-11-16 15:08:45
BRIAN,2018-11-16 15:05:47,2018-11-16 15:15:32
KEVIN,2018-11-16 15:06:56,2018-11-16 15:21:57
BRIAN,2018-11-16 15:16:20,2018-11-16 15:28:30
BECCA,2018-11-16 15:28:23,2018-11-16 15:29:07
BRIAN,2018-11-16 15:33:56,2018-11-16 15:34:37
BRIAN,2018-11-17 08:22:40,2018-11-17 08:52:31
KEVIN,2018-11-17 16:06:59,2018-11-17 16:07:18
KEVIN,2018-11-17 17:03:02,2018-11-17 17:10:05
KEVIN,2018-11-18 06:25:23,2018-11-18 06:40:24
KEVIN,2018-11-18 06:40:43,2018-11-18 07:28:22
KEVIN,2018-11-18 09:45:14,2018-11-18 09:48:30
KEVIN,2018-11-18 11:55:54,2018-11-18 11:56:24
BRIAN,2018-11-18 12:26:24,2018-11-18 12:53:09
BRIAN,2018-11-18 12:55:16,2018-11-18 12:55:50
BRIAN,2018-11-18 12:59:37,2018-11-18 12:59:48
BRIAN,2018-11-18 12:59:53,2018-11-18 13:14:59
KEVIN,2018-11-18 14:46:31,2018-11-18 14:47:28
KEVIN,2018-11-18 15:16:24,2018-11-18 15:21:17
KEVIN,2018-11-18 15:26:00,2018-11-18 15:26:25
KEVIN,2018-11-18 16:06:17,2018-11-18 16:28:59
BRIAN,2018-11-18 17:04:34,2018-11-18 17:10:28
BRIAN,2018-11-18 22:28:20,2018-11-18 22:31:02
BRIAN,2018-11-19 07:03:59,2018-11-19 07:15:52
BRIAN,2018-11-19 07:34:08,2018-11-19 07:34:08
BRIAN,2018-11-19 07:35:15,2018-11-19 07:36:30
KEVIN,2018-11-19 07:33:48,2018-11-19 08:34:32
BRIAN,2018-11-19 09:09:06,2018-11-19 09:12:25
BECCA,2018-11-19 09:16:51,2018-11-19 09:31:04
KEVIN,2018-11-19 09:56:40,2018-11-19 09:57:24
BECCA,2018-11-19 10:17:00,2018-11-19 10:19:01
BECCA,2018-11-19 10:24:33,2018-11-19 10:25:26
BRIAN,2018-11-19 10:10:02,2018-11-19 10:25:32
TIM,2018-11-19 10:29:02,2018-11-19 10:52:28
BECCA,2018-11-19 11:08:07,2018-11-19 11:14:05
BECCA,2018-11-19 11:14:37,2018-11-19 11:16:53
BECCA,2018-11-19 11:25:54,2018-11-19 11:29:18
KEVIN,2018-11-19 11:22:25,2018-11-19 11:33:43
BECCA,2018-11-19 12:00:30,2018-11-19 12:01:08
KEVIN,2018-11-19 13:03:22,2018-11-19 13:14:14
BRIAN,2018-11-19 13:46:53,2018-11-19 14:03:48
BOB,2018-11-19 14:16:34,2018-11-19 14:16:45
BRIAN,2018-11-19 14:08:25,2018-11-19 14:21:21
BOB,2018-11-19 14:17:53,2018-11-19 14:32:54
KEVIN,2018-11-19 15:09:02,2018-11-19 15:16:51
BRIAN,2018-11-19 16:37:17,2018-11-19 16:40:53
BRIAN,2018-11-19 17:07:15,2018-11-19 17:07:31
KEVIN,2018-11-19 17:07:38,2018-11-19 17:07:48
BRIAN,2018-11-19 17:20:46,2018-11-19 17:23:31
BRIAN,2018-11-19 17:26:59,2018-11-19 17:29:17
TEST,2018-11-20 07:14:01,2018-11-20 07:22:29
TEST,2018-11-20 07:36:01,2018-11-20 07:38:40
TEST,2018-11-20 07:40:27,2018-11-20 07:44:55
KEVIN,2018-11-20 07:31:24,2018-11-20 08:05:30
KEVIN,2018-11-20 08:26:31,2018-11-20 08:47:09
KEVIN,2018-11-20 10:00:35,2018-11-20 10:04:14
KEVIN,2018-11-20 10:28:36,2018-11-20 10:39:32
KEVIN,2018-11-20 10:42:36,2018-11-20 10:48:26
KEVIN,2018-11-20 10:56:56,2018-11-20 11:06:58
BECCA,2018-11-20 11:16:46,2018-11-20 11:17:18
BECCA,2018-11-20 13:17:17,2018-11-20 13:17:49
BRIAN,2018-11-20 13:33:04,2018-11-20 13:36:19
KEVIN,2018-11-20 13:53:04,2018-11-20 13:53:51
KEVIN,2018-11-20 14:11:37,2018-11-20 14:14:03
KEVIN,2018-11-20 14:27:11,2018-11-20 14:27:26
TEST,2018-11-20 14:31:03,2018-11-20 14:35:59
TEST,2018-11-20 14:42:38,2018-11-20 14:42:45
KEVIN,2018-11-20 14:42:54,2018-11-20 14:57:55
KEVIN,2018-11-20 14:58:28,2018-11-20 14:58:36
BRIAN,2018-11-20 14:36:10,2018-11-20 15:04:53
BECCA,2018-11-20 14:44:45,2018-11-20 15:11:42
KEVIN,2018-11-20 15:07:58,2018-11-20 15:14:04
TEST,2018-11-20 15:13:56,2018-11-20 15:15:38
KEVIN,2018-11-20 15:17:27,2018-11-20 15:17:58
TEST,2018-11-20 15:28:34,2018-11-20 15:28:53
BECCA,2018-11-20 15:15:14,2018-11-20 15:32:07
BRIAN,2018-11-20 15:14:20,2018-11-20 15:32:14
KEVIN,2018-11-20 16:10:36,2018-11-20 16:11:12
BRIAN,2018-11-20 16:38:17,2018-11-20 16:38:30
BRIAN,2018-11-20 16:38:36,2018-11-20 16:41:22
DENISSE,2018-11-20 19:40:00,2018-11-20 19:41:36
BRIAN,2018-11-21 07:04:54,2018-11-21 07:28:09
KEVIN,2018-11-21 07:27:58,2018-11-21 07:45:00
KEVIN,2018-11-21 07:48:25,2018-11-21 08:03:26
KEVIN,2018-11-21 08:19:49,2018-11-21 08:28:03
BRIAN,2018-11-21 08:45:51,2018-11-21 08:50:31
BRIAN,2018-11-21 08:50:39,2018-11-21 09:15:15
BRIAN,2018-11-21 09:36:41,2018-11-21 09:51:48
TEST,2018-11-21 10:16:57,2018-11-21 10:21:13
TEST,2018-11-21 10:13:54,2018-11-21 10:21:14
TEST,2018-11-21 10:24:24,2018-11-21 10:27:26
BOB,2018-11-21 10:27:28,2018-11-21 10:42:29
TEST,2018-11-21 10:40:31,2018-11-21 10:43:33
TEST,2018-11-21 10:46:52,2018-11-21 10:47:59
TEST1,2018-11-21 10:49:17,2018-11-21 10:51:32
TEST1,2018-11-21 10:55:40,2018-11-21 10:56:10
TEST1,2018-11-21 10:56:27,2018-11-21 11:00:33
TEST1,2018-11-21 11:02:41,2018-11-21 11:03:21
TEST1,2018-11-21 11:05:42,2018-11-21 11:07:02
TEST1,2018-11-21 11:07:29,2018-11-21 11:08:47
TEST1,2018-11-21 11:09:18,2018-11-21 11:09:50
TEST1,2018-11-21 11:10:06,2018-11-21 11:10:24
TEST1,2018-11-21 11:11:21,2018-11-21 11:11:27
TEST1,2018-11-21 11:17:13,2018-11-21 11:17:24
TEST1,2018-11-21 11:18:44,2018-11-21 11:18:52
TEST1,2018-11-21 11:22:45,2018-11-21 11:22:52
TEST1,2018-11-21 11:23:57,2018-11-21 11:24:02
TEST1,2018-11-21 11:24:32,2018-11-21 11:24:45
TEST1,2018-11-21 11:27:15,2018-11-21 11:27:23
TEST1,2018-11-21 11:28:16,2018-11-21 11:33:00
TEST1,2018-11-21 11:34:10,2018-11-21 11:34:21
TEST1,2018-11-21 11:35:25,2018-11-21 11:35:32
TEST1,2018-11-21 11:40:27,2018-11-21 11:40:33
TEST1,2018-11-21 11:41:53,2018-11-21 11:41:57
TEST1,2018-11-21 11:43:07,2018-11-21 11:43:10
TEST1,2018-11-21 11:43:42,2018-11-21 11:43:46
TEST1,2018-11-21 11:44:30,2018-11-21 11:44:34
TEST1,2018-11-21 11:47:33,2018-11-21 11:47:36
BOB,2018-11-21 11:15:16,2018-11-21 11:49:31
TEST1,2018-11-21 11:50:11,2018-11-21 11:50:20
TEST1,2018-11-21 11:52:01,2018-11-21 11:52:04
TEST1,2018-11-21 11:50:29,2018-11-21 11:52:10
TEST1,2018-11-21 11:54:47,2018-11-21 11:55:03
TEST1,2018-11-21 11:55:07,2018-11-21 11:55:14
DENISSE,2018-11-21 11:50:54,2018-11-21 11:55:46
TEST1,2018-11-21 11:56:36,2018-11-21 11:57:22
TEST1,2018-11-21 11:58:30,2018-11-21 11:58:42
TEST1,2018-11-21 11:57:29,2018-11-21 11:58:42
TEST1,2018-11-21 11:58:59,2018-11-21 11:59:19
TEST1,2018-11-21 11:59:26,2018-11-21 12:00:01
TEST1,2018-11-21 12:00:11,2018-11-21 12:00:18
TEST1,2018-11-21 12:01:02,2018-11-21 12:01:08
TEST1,2018-11-21 12:00:35,2018-11-21 12:01:08
DENISSE,2018-11-21 11:56:11,2018-11-21 12:02:47
TEST1,2018-11-21 12:02:31,2018-11-21 12:02:52
TEST1,2018-11-21 12:03:04,2018-11-21 12:03:19
TEST1,2018-11-21 12:04:06,2018-11-21 12:04:33
TEST1,2018-11-21 12:06:48,2018-11-21 12:08:54
BOB,2018-11-21 11:56:16,2018-11-21 12:11:17
TEST1,2018-11-21 12:14:18,2018-11-21 12:15:11
TEST1,2018-11-21 12:15:19,2018-11-21 12:15:41
BECCA,2018-11-21 11:53:20,2018-11-21 12:20:55
TEST1,2018-11-21 12:29:12,2018-11-21 12:31:24
TEST1,2018-11-21 12:18:44,2018-11-21 12:31:24
TEST1,2018-11-21 12:18:01,2018-11-21 12:31:24
TEST1,2018-11-21 12:35:22,2018-11-21 12:35:32
TEST1,2018-11-21 12:33:25,2018-11-21 12:35:32
TEST1,2018-11-21 12:40:38,2018-11-21 12:42:39
BRIAN,2018-11-21 12:47:51,2018-11-21 12:48:38
BRIAN,2018-11-21 12:48:47,2018-11-21 12:49:17
BRIAN,2018-11-21 12:49:26,2018-11-21 12:50:29
BRIAN,2018-11-21 12:50:37,2018-11-21 12:52:48
BRIAN,2018-11-21 12:52:56,2018-11-21 12:53:52
BRIAN,2018-11-21 12:54:00,2018-11-21 12:54:58
BRIAN,2018-11-21 12:55:07,2018-11-21 12:55:58
BRIAN,2018-11-21 12:56:07,2018-11-21 12:56:42
BOB,2018-11-21 12:24:57,2018-11-21 12:56:53
BRIAN,2018-11-21 12:56:50,2018-11-21 12:56:55
BRIAN,2018-11-21 12:57:34,2018-11-21 12:58:25
BRIAN,2018-11-21 12:58:42,2018-11-21 13:01:58
BRIAN,2018-11-21 13:02:12,2018-11-21 13:03:08
BRIAN,2018-11-21 13:03:16,2018-11-21 13:03:39
BRIAN,2018-11-21 13:03:47,2018-11-21 13:04:49
BRIAN,2018-11-21 13:04:56,2018-11-21 13:05:32
BECCA,2018-11-21 12:58:43,2018-11-21 13:05:58
BRIAN,2018-11-21 13:05:41,2018-11-21 13:06:09
BRIAN,2018-11-21 13:06:17,2018-11-21 13:06:48
BRIAN,2018-11-21 13:06:56,2018-11-21 13:09:11
BRIAN,2018-11-21 13:09:19,2018-11-21 13:10:41
BRIAN,2018-11-21 13:10:50,2018-11-21 13:12:50
BRIAN,2018-11-21 13:12:57,2018-11-21 13:22:09
BECCA,2018-11-21 13:16:56,2018-11-21 13:22:11
BOB,2018-11-21 13:11:50,2018-11-21 13:26:51
BRIAN,2018-11-21 13:22:19,2018-11-21 13:29:15
BRIAN,2018-11-21 13:33:21,2018-11-21 13:35:55
BOB,2018-11-21 14:05:43,2018-11-21 14:05:57
BRIAN,2018-11-21 14:32:00,2018-11-21 14:32:24
BRIAN,2018-11-21 13:58:51,2018-11-21 14:46:39
BRIAN,2018-11-21 16:05:05,2018-11-21 16:06:04
BRIAN,2018-11-21 16:23:26,2018-11-21 16:26:21
KEVIN,2018-11-22 06:51:09,2018-11-22 06:53:14
TEST,2018-11-22 06:53:25,2018-11-22 06:54:00
KEVIN,2018-11-22 06:54:10,2018-11-22 07:10:58
BRIAN,2018-11-22 07:17:50,2018-11-22 07:20:39
BRIAN,2018-11-22 07:20:43,2018-11-22 07:20:55
BRIAN,2018-11-22 07:21:00,2018-11-22 07:23:43
KEVIN,2018-11-22 07:36:56,2018-11-22 07:38:42
BRIAN,2018-11-22 07:39:59,2018-11-22 07:40:27
BRIAN,2018-11-22 07:42:08,2018-11-22 07:43:54
BRIAN,2018-11-22 07:40:36,2018-11-22 07:43:54
BRIAN,2018-11-22 07:44:03,2018-11-22 07:45:39
BRIAN,2018-11-22 07:45:46,2018-11-22 07:46:15
BRIAN,2018-11-22 07:46:22,2018-11-22 07:48:31
BRIAN,2018-11-22 07:48:39,2018-11-22 07:50:06
KEVIN,2018-11-22 07:40:44,2018-11-22 07:50:13
BRIAN,2018-11-22 07:50:18,2018-11-22 07:50:31
BRIAN,2018-11-22 07:50:39,2018-11-22 07:51:21
BRIAN,2018-11-22 07:52:39,2018-11-22 07:54:53
BRIAN,2018-11-22 07:55:02,2018-11-22 08:04:58
BRIAN,2018-11-22 08:05:08,2018-11-22 08:06:52
BRIAN,2018-11-22 08:08:48,2018-11-22 08:09:30
BRIAN,2018-11-22 08:09:40,2018-11-22 08:10:16
BRIAN,2018-11-22 08:10:28,2018-11-22 08:10:53
BRIAN,2018-11-22 08:11:12,2018-11-22 08:12:13
BRIAN,2018-11-22 08:12:24,2018-11-22 08:13:27
BRIAN,2018-11-22 08:13:37,2018-11-22 08:14:42
BRIAN,2018-11-22 08:14:56,2018-11-22 08:15:18
BRIAN,2018-11-22 08:15:28,2018-11-22 08:16:38
BRIAN,2018-11-22 08:16:53,2018-11-22 08:18:39
BRIAN,2018-11-22 08:18:51,2018-11-22 08:19:03
TEST1,2018-11-22 08:19:22,2018-11-22 08:21:19
TEST1,2018-11-22 08:21:29,2018-11-22 08:22:12
TEST1,2018-11-22 08:22:20,2018-11-22 08:23:09
TEST1,2018-11-22 08:23:20,2018-11-22 08:33:10
TEST1,2018-11-22 08:33:40,2018-11-22 08:34:52
TEST1,2018-11-22 08:35:05,2018-11-22 08:38:18
TEST1,2018-11-22 08:41:30,2018-11-22 08:51:35
TEST1,2018-11-22 08:39:07,2018-11-22 08:51:35
TEST1,2018-11-22 08:51:45,2018-11-22 08:53:02
TEST1,2018-11-22 08:53:10,2018-11-22 08:54:48
TEST1,2018-11-22 09:00:09,2018-11-22 09:01:42
TEST1,2018-11-22 08:54:58,2018-11-22 09:01:42
TEST1,2018-11-22 09:04:25,2018-11-22 09:05:11
TEST1,2018-11-22 09:01:50,2018-11-22 09:05:11
TEST1,2018-11-22 09:07:41,2018-11-22 09:08:10
TEST1,2018-11-22 09:06:51,2018-11-22 09:08:10
TEST1,2018-11-22 09:05:24,2018-11-22 09:08:10
TEST1,2018-11-22 09:08:19,2018-11-22 09:10:47
TEST1,2018-11-22 09:12:03,2018-11-22 09:12:47
TEST1,2018-11-22 09:17:08,2018-11-22 09:22:02
TEST1,2018-11-22 09:24:08,2018-11-22 09:25:18
TEST1,2018-11-22 09:22:10,2018-11-22 09:25:18
TEST1,2018-11-22 09:26:39,2018-11-22 09:27:57
TEST1,2018-11-22 09:27:13,2018-11-22 09:41:28
TEST1,2018-11-22 09:26:01,2018-11-22 09:41:28
TEST1,2018-11-22 09:25:27,2018-11-22 09:41:28
TEST1,2018-11-22 09:41:35,2018-11-22 09:42:20
TEST1,2018-11-22 10:14:24,2018-11-22 10:17:04
TEST1,2018-11-22 09:42:28,2018-11-22 10:17:04
TEST1,2018-11-22 10:17:13,2018-11-22 10:18:09
TEST1,2018-11-22 10:18:17,2018-11-22 10:20:20
TEST1,2018-11-22 10:20:28,2018-11-22 10:29:00
TEST1,2018-11-22 10:29:27,2018-11-22 10:29:56
TEST1,2018-11-22 10:30:01,2018-11-22 10:30:15
TEST1,2018-11-22 10:29:13,2018-11-22 10:30:15
TEST1,2018-11-22 10:34:15,2018-11-22 10:36:36
TEST1,2018-11-22 10:37:31,2018-11-22 10:38:25
TEST1,2018-11-22 10:36:43,2018-11-22 10:38:26
TEST1,2018-11-22 10:38:34,2018-11-22 10:39:09
TEST1,2018-11-22 10:40:23,2018-11-22 10:42:57
TEST1,2018-11-22 10:38:51,2018-11-22 10:42:57
TEST1,2018-11-22 10:43:04,2018-11-22 10:44:49
TEST1,2018-11-22 10:44:04,2018-11-22 10:44:50
TEST1,2018-11-22 10:44:40,2018-11-22 10:45:12
TEST1,2018-11-22 10:46:34,2018-11-22 10:46:49
TEST1,2018-11-22 10:46:08,2018-11-22 10:46:49
TEST1,2018-11-22 10:45:21,2018-11-22 10:46:49
TEST1,2018-11-22 10:46:58,2018-11-22 10:47:49
TEST1,2018-11-22 10:47:57,2018-11-22 10:48:50
TEST1,2018-11-22 10:48:59,2018-11-22 10:49:29
TEST1,2018-11-22 10:51:50,2018-11-22 10:54:01
TEST1,2018-11-22 10:50:33,2018-11-22 10:54:01
TEST1,2018-11-22 10:49:38,2018-11-22 10:54:01
TEST1,2018-11-22 11:02:12,2018-11-22 11:05:09
TEST1,2018-11-22 10:54:08,2018-11-22 11:05:09
TEST1,2018-11-22 11:06:28,2018-11-22 11:07:49
TEST1,2018-11-22 11:05:17,2018-11-22 11:07:49
TEST1,2018-11-22 11:07:57,2018-11-22 11:08:08
TEST1,2018-11-22 11:08:17,2018-11-22 11:18:13
TEST1,2018-11-22 11:20:46,2018-11-22 11:21:01
TEST1,2018-11-22 11:18:21,2018-11-22 11:21:01
TEST1,2018-11-22 11:21:09,2018-11-22 11:22:33
TEST1,2018-11-22 11:22:44,2018-11-22 11:28:15
TEST1,2018-11-22 11:28:23,2018-11-22 11:29:08
TEST1,2018-11-22 13:29:27,2018-11-22 14:01:40
TEST1,2018-11-22 11:29:16,2018-11-22 14:01:40
TEST1,2018-11-22 14:01:48,2018-11-22 17:40:57
TEST1,2018-11-22 17:41:07,2018-11-22 17:41:08
KEVIN,2018-11-23 07:02:56,2018-11-23 07:08:21
KEVIN,2018-11-23 07:29:06,2018-11-23 07:46:12
KEVIN,2018-11-23 08:00:32,2018-11-23 08:20:02
TEST1,2018-11-23 08:49:12,2018-11-23 08:49:13
TEST1,2018-11-23 08:50:41,2018-11-23 08:51:25
TEST1,2018-11-23 08:51:35,2018-11-23 08:53:11
TEST1,2018-11-23 08:53:20,2018-11-23 08:54:12
TEST1,2018-11-23 08:54:38,2018-11-23 08:55:35
TEST1,2018-11-23 08:58:30,2018-11-23 09:01:04
TEST1,2018-11-23 09:01:30,2018-11-23 09:02:31
TEST1,2018-11-23 09:04:18,2018-11-23 09:05:09
TEST1,2018-11-23 09:05:17,2018-11-23 09:05:42
TEST1,2018-11-23 09:05:49,2018-11-23 09:08:50
TEST1,2018-11-23 09:09:01,2018-11-23 09:18:24
TEST1,2018-11-23 09:20:31,2018-11-23 09:20:44
TEST1,2018-11-23 09:31:46,2018-11-23 09:32:01
TEST1,2018-11-23 09:33:04,2018-11-23 09:33:26
TEST1,2018-11-23 09:33:37,2018-11-23 09:33:55
TEST1,2018-11-23 09:34:02,2018-11-23 09:34:52
TEST1,2018-11-23 09:35:04,2018-11-23 09:43:57
TEST1,2018-11-23 09:46:22,2018-11-23 09:48:16
TEST1,2018-11-23 09:48:23,2018-11-23 09:48:43
TEST1,2018-11-23 09:50:53,2018-11-23 09:51:44
TEST1,2018-11-23 09:52:52,2018-11-23 09:55:07
TEST1,2018-11-23 09:55:21,2018-11-23 09:55:55
TEST1,2018-11-23 09:56:07,2018-11-23 09:57:49
TEST1,2018-11-23 09:57:58,2018-11-23 09:59:48
TEST1,2018-11-23 09:59:57,2018-11-23 10:10:30
TEST1,2018-11-23 10:11:01,2018-11-23 10:15:10
TEST1,2018-11-23 10:15:25,2018-11-23 10:23:00
BRIAN,2018-11-23 10:38:13,2018-11-23 10:56:55
BRIAN,2018-11-23 13:31:20,2018-11-23 13:45:41
KEVIN,2018-11-24 07:18:23,2018-11-24 08:09:06
KEVIN,2018-11-24 08:09:38,2018-11-24 08:11:02
KEVIN,2018-11-24 08:11:20,2018-11-24 08:15:35
BRIAN,2018-11-24 09:00:03,2018-11-24 09:01:54
BRIAN,2018-11-24 10:14:13,2018-11-24 10:29:21
BRIAN,2018-11-24 10:35:32,2018-11-24 11:23:43
BRIAN,2018-11-24 11:30:18,2018-11-24 11:46:30
TEST1,2018-11-24 12:02:42,2018-11-24 12:03:13
TEST1,2018-11-24 12:06:22,2018-11-24 12:11:47
TEST1,2018-11-24 13:37:27,2018-11-24 13:37:53
TEST1,2018-11-24 13:38:02,2018-11-24 13:38:57
TEST1,2018-11-24 13:39:58,2018-11-24 13:40:29
TEST1,2018-11-24 13:40:39,2018-11-24 13:41:21
TEST1,2018-11-24 13:41:29,2018-11-24 13:41:53
TEST1,2018-11-24 13:42:58,2018-11-24 13:43:51
TEST1,2018-11-24 13:44:03,2018-11-24 13:44:18
TEST1,2018-11-24 13:45:08,2018-11-24 13:48:43
TEST1,2018-11-24 13:48:54,2018-11-24 13:49:58
TEST1,2018-11-24 13:50:11,2018-11-24 13:52:10
TEST1,2018-11-24 13:52:18,2018-11-24 13:52:33
TEST1,2018-11-24 13:52:40,2018-11-24 13:54:19
TEST1,2018-11-24 13:55:16,2018-11-24 13:57:14
TEST1,2018-11-24 13:57:21,2018-11-24 14:03:43
TEST1,2018-11-24 14:03:50,2018-11-24 14:06:14
TEST1,2018-11-24 14:06:23,2018-11-24 14:06:45
TEST1,2018-11-24 14:09:54,2018-11-24 14:10:46
TEST1,2018-11-24 14:12:26,2018-11-24 14:13:44
TEST1,2018-11-24 14:10:54,2018-11-24 14:13:44
TEST1,2018-11-24 14:13:51,2018-11-24 14:14:29
TEST1,2018-11-24 14:15:47,2018-11-24 14:17:00
TEST1,2018-11-24 14:14:36,2018-11-24 14:17:00
TEST1,2018-11-24 14:17:07,2018-11-24 14:17:51
TEST1,2018-11-24 14:17:59,2018-11-24 14:18:55
TEST1,2018-11-24 14:19:02,2018-11-24 14:20:33
TEST1,2018-11-24 14:20:40,2018-11-24 14:21:24
TEST1,2018-11-24 14:21:32,2018-11-24 14:23:09
TEST1,2018-11-24 14:23:17,2018-11-24 14:23:53
TEST1,2018-11-24 14:27:15,2018-11-24 14:27:56
TEST1,2018-11-24 14:25:02,2018-11-24 14:27:56
TEST1,2018-11-24 14:28:04,2018-11-24 14:32:03
TEST1,2018-11-24 14:37:48,2018-11-24 14:39:35
TEST1,2018-11-24 14:36:06,2018-11-24 14:39:35
TEST1,2018-11-24 14:39:41,2018-11-24 14:41:10
TEST1,2018-11-24 14:41:50,2018-11-24 14:42:28
TEST1,2018-11-24 14:41:17,2018-11-24 14:42:28
TEST1,2018-11-24 14:44:51,2018-11-24 14:45:15
TEST1,2018-11-24 14:42:34,2018-11-24 14:45:16
TEST1,2018-11-24 14:45:23,2018-11-24 14:46:17
TEST1,2018-11-24 14:46:25,2018-11-24 14:47:07
TEST1,2018-11-24 14:47:18,2018-11-24 14:50:13
TEST1,2018-11-24 14:51:31,2018-11-24 14:51:45
TEST1,2018-11-24 14:50:22,2018-11-24 14:51:45
TEST1,2018-11-24 14:53:11,2018-11-24 14:53:32
TEST1,2018-11-24 14:52:02,2018-11-24 14:53:32
TEST1,2018-11-24 14:53:40,2018-11-24 14:53:55
TEST1,2018-11-24 14:56:59,2018-11-24 14:57:28
TEST1,2018-11-24 14:55:01,2018-11-24 14:57:28
TEST1,2018-11-24 14:58:20,2018-11-24 15:00:19
TEST1,2018-11-24 15:00:26,2018-11-24 15:02:40
TEST1,2018-11-24 15:02:50,2018-11-24 15:03:16
BRIAN,2018-11-24 15:03:49,2018-11-24 15:05:09
ESTHER,2018-11-25 00:23:04,2018-11-25 00:24:46
KEVIN,2018-11-25 07:25:40,2018-11-25 07:31:09
KEVIN,2018-11-25 07:32:42,2018-11-25 07:41:24
KEVIN,2018-11-25 07:44:35,2018-11-25 07:55:12
KEVIN,2018-11-25 09:29:50,2018-11-25 09:37:28
KEVIN,2018-11-25 10:49:43,2018-11-25 10:55:44
KEVIN,2018-11-25 13:50:55,2018-11-25 13:51:20
BRIAN,2018-11-25 13:58:28,2018-11-25 14:13:43
TIM,2018-11-26 07:07:59,2018-11-26 07:23:00
KEVIN,2018-11-26 07:45:11,2018-11-26 08:35:10
BRIAN,2018-11-26 09:01:33,2018-11-26 09:27:44
BRIAN,2018-11-26 09:43:56,2018-11-26 09:45:13
BRIAN,2018-11-26 10:18:24,2018-11-26 10:19:51
BECCA,2018-11-26 10:13:40,2018-11-26 10:23:34
BECCA,2018-11-26 10:49:46,2018-11-26 11:03:42
BRIAN,2018-11-26 11:44:45,2018-11-26 12:01:02
BRIAN,2018-11-26 12:06:19,2018-11-26 12:21:38
KEVIN,2018-11-26 12:59:32,2018-11-26 13:07:39
KEVIN,2018-11-26 13:28:57,2018-11-26 13:37:42
BRIAN,2018-11-26 13:49:27,2018-11-26 13:58:47
KEVIN,2018-11-26 14:30:41,2018-11-26 14:44:12
KEVIN,2018-11-26 14:59:01,2018-11-26 14:59:18
KEVIN,2018-11-26 15:05:16,2018-11-26 15:16:40
KEVIN,2018-11-26 15:37:18,2018-11-26 15:38:27
BECCA,2018-11-26 15:43:25,2018-11-26 16:02:53
KEVIN,2018-11-26 15:45:00,2018-11-26 16:15:52
TEST1,2018-11-27 07:28:49,2018-11-27 07:29:36
TEST1,2018-11-27 07:29:44,2018-11-27 07:30:27
KEVIN,2018-11-27 07:39:49,2018-11-27 08:02:43
KEVIN,2018-11-27 08:03:55,2018-11-27 08:15:15
KEVIN,2018-11-27 08:19:47,2018-11-27 08:22:34
BRIAN,2018-11-27 08:10:02,2018-11-27 08:36:17
KEVIN,2018-11-27 09:54:28,2018-11-27 10:13:02
BECCA,2018-11-27 09:53:41,2018-11-27 10:16:44
KEVIN,2018-11-27 10:14:57,2018-11-27 10:29:58
KEVIN,2018-11-27 10:36:09,2018-11-27 10:44:07
BECCA,2018-11-27 11:33:06,2018-11-27 11:39:10
KEVIN,2018-11-27 11:19:08,2018-11-27 11:45:25
BRIAN,2018-11-27 12:13:19,2018-11-27 12:14:24
KEVIN,2018-11-27 12:00:04,2018-11-27 12:45:24
BRIAN,2018-11-27 12:29:50,2018-11-27 12:53:03
BECCA,2018-11-27 12:48:48,2018-11-27 12:57:22
BECCA,2018-11-27 13:17:21,2018-11-27 13:33:09
KEVIN,2018-11-27 13:43:26,2018-11-27 13:44:31
KEVIN,2018-11-27 14:00:22,2018-11-27 14:01:43
ESTHER,2018-11-27 18:48:20,2018-11-27 18:48:42
TEST,2018-11-28 06:40:52,2018-11-28 06:42:41
TEST,2018-11-28 06:43:01,2018-11-28 06:43:14
TEST,2018-11-28 06:45:38,2018-11-28 06:47:12
TEST,2018-11-28 06:44:03,2018-11-28 06:49:52
TEST,2018-11-28 06:50:09,2018-11-28 06:50:28
TEST,2018-11-28 06:51:09,2018-11-28 06:51:20
TEST,2018-11-28 06:51:30,2018-11-28 06:55:53
TEST,2018-11-28 06:56:02,2018-11-28 06:56:41
TEST,2018-11-28 06:56:49,2018-11-28 06:59:08
BRIAN,2018-11-28 07:10:04,2018-11-28 07:11:42
TEST,2018-11-28 07:11:49,2018-11-28 07:12:08
BRIAN,2018-11-28 07:43:39,2018-11-28 07:43:42
KEVIN,2018-11-28 08:38:09,2018-11-28 08:38:09
KEVIN,2018-11-28 08:38:20,2018-11-28 08:43:09
BECCA,2018-11-28 11:04:04,2018-11-28 11:11:27
BECCA,2018-11-28 11:17:23,2018-11-28 11:20:12
BECCA,2018-11-28 11:21:49,2018-11-28 11:22:08
KEVIN,2018-11-28 13:39:08,2018-11-28 13:39:38
SUSAN,2018-11-28 13:39:47,2018-11-28 13:39:59
KEVIN,2018-11-28 14:13:47,2018-11-28 14:24:07
BECCA,2018-11-28 15:45:05,2018-11-28 15:45:21
BECCA,2018-11-28 15:45:30,2018-11-28 15:46:01
BECCA,2018-11-28 15:57:23,2018-11-28 16:02:19
BRIAN,2018-11-29 08:18:05,2018-11-29 08:36:20
KEVIN,2018-11-29 07:56:29,2018-11-29 08:44:58
BECCA,2018-11-29 09:03:57,2018-11-29 09:04:21
BECCA,2018-11-29 09:04:29,2018-11-29 09:04:58
BECCA,2018-11-29 09:05:06,2018-11-29 09:05:55
BECCA,2018-11-29 09:06:03,2018-11-29 09:06:57
BECCA,2018-11-29 09:07:13,2018-11-29 09:07:14
BECCA,2018-11-29 09:07:33,2018-11-29 09:07:58
BRIAN,2018-11-29 09:07:19,2018-11-29 09:08:03
ESTHER,2018-11-29 10:04:36,2018-11-29 10:14:33
BECCA,2018-11-29 10:28:45,2018-11-29 10:41:43
ESTHER,2018-11-29 10:14:47,2018-11-29 10:43:35
ESTHER,2018-11-29 10:43:51,2018-11-29 10:48:02
ESTHER,2018-11-29 11:46:11,2018-11-29 11:46:11
ESTHER,2018-11-29 11:46:29,2018-11-29 11:52:21
BECCA,2018-11-29 12:41:04,2018-11-29 12:57:05
ESTHER,2018-11-29 13:45:38,2018-11-29 13:45:38
ESTHER,2018-11-29 13:45:54,2018-11-29 14:00:55
KEVIN,2018-11-29 13:25:28,2018-11-29 14:04:26
ESTHER,2018-11-29 14:14:30,2018-11-29 14:29:53
KEVIN,2018-11-29 14:06:06,2018-11-29 14:38:14
BECCA,2018-11-29 14:53:09,2018-11-29 15:18:43
BECCA,2018-11-29 15:58:46,2018-11-29 16:10:10
BECCA,2018-11-29 16:51:15,2018-11-29 16:51:39
KEVIN,2018-11-30 07:24:43,2018-11-30 07:58:13
BRIAN,2018-11-30 08:31:40,2018-11-30 08:38:22
BECCA,2018-11-30 08:34:13,2018-11-30 08:50:19
BECCA,2018-11-30 09:35:37,2018-11-30 09:46:45
BRIAN,2018-11-30 09:49:10,2018-11-30 09:50:04
BECCA,2018-11-30 10:05:47,2018-11-30 10:11:08
BRIAN,2018-11-30 09:50:20,2018-11-30 10:38:35
BECCA,2018-11-30 10:39:20,2018-11-30 10:40:05
BECCA,2018-11-30 10:48:42,2018-11-30 10:52:14
BRIAN,2018-11-30 10:40:48,2018-11-30 11:06:06
BECCA,2018-11-30 11:05:42,2018-11-30 11:08:09
BECCA,2018-11-30 11:45:46,2018-11-30 11:49:12
SCOTT,2018-11-30 11:45:50,2018-11-30 11:49:47
BECCA,2018-11-30 12:05:50,2018-11-30 12:08:20
BRIAN,2018-11-30 12:09:09,2018-11-30 12:24:10
KEVIN,2018-11-30 12:50:20,2018-11-30 12:52:06
KEVIN,2018-11-30 12:53:52,2018-11-30 12:57:46
KEVIN,2018-11-30 13:00:46,2018-11-30 13:03:11
KEVIN,2018-11-30 13:21:36,2018-11-30 13:49:42
KEVIN,2018-11-30 13:49:55,2018-11-30 13:50:18
BECCA,2018-11-30 13:49:32,2018-11-30 14:02:33
KEVIN,2018-11-30 13:50:30,2018-11-30 14:06:04
BRIAN,2018-11-30 13:54:08,2018-11-30 14:18:56
KEVIN,2018-11-30 14:44:01,2018-11-30 14:52:45
KEVIN,2018-11-30 15:06:08,2018-11-30 15:07:14
KEVIN,2018-11-30 15:16:06,2018-11-30 15:25:39
KEVIN,2018-11-30 15:36:20,2018-11-30 15:36:40
KEVIN,2018-11-30 16:32:02,2018-11-30 16:32:54
KEVIN,2018-11-30 16:59:26,2018-11-30 16:59:44
BRIAN,2018-12-01 07:53:47,2018-12-01 08:06:57
BRIAN,2018-12-01 08:23:13,2018-12-01 08:50:55
BRIAN,2018-12-01 08:56:42,2018-12-01 09:12:37
BRIAN,2018-12-01 09:15:37,2018-12-01 09:37:36
BRIAN,2018-12-01 09:40:27,2018-12-01 09:55:28
KEVIN,2018-12-01 10:02:44,2018-12-01 10:03:50
BRIAN,2018-12-01 09:55:36,2018-12-01 10:07:38
KEVIN,2018-12-01 10:20:18,2018-12-01 10:20:52
KEVIN,2018-12-01 10:49:27,2018-12-01 10:49:59
KEVIN,2018-12-01 15:24:00,2018-12-01 15:25:08
KEVIN,2018-12-01 15:29:10,2018-12-01 15:29:11
KEVIN,2018-12-01 15:34:49,2018-12-01 15:35:12
KEVIN,2018-12-02 08:52:48,2018-12-02 08:55:54
JIM,2018-12-02 16:28:02,2018-12-02 16:29:26
JIM,2018-12-02 16:30:29,2018-12-02 16:30:41
KEVIN,2018-12-03 07:55:31,2018-12-03 08:05:32
DENISSE,2018-12-03 08:50:46,2018-12-03 08:55:28
DENISSE,2018-12-03 09:06:06,2018-12-03 09:12:53
ESTHER,2018-12-03 09:08:31,2018-12-03 09:40:17
BECCA,2018-12-03 09:37:06,2018-12-03 09:48:26
KEVIN,2018-12-03 09:54:20,2018-12-03 09:56:18
KEVIN,2018-12-03 10:04:28,2018-12-03 10:27:20
KEVIN,2018-12-03 10:27:32,2018-12-03 10:40:57
BECCA,2018-12-03 10:43:01,2018-12-03 10:53:06
KEVIN,2018-12-03 11:50:54,2018-12-03 11:52:26
ESTHER,2018-12-03 11:55:04,2018-12-03 12:07:44
KEVIN,2018-12-03 11:55:15,2018-12-03 12:10:15
ESTHER,2018-12-03 12:08:08,2018-12-03 12:13:44
KEVIN,2018-12-03 12:19:31,2018-12-03 12:20:50
BECCA,2018-12-03 12:08:12,2018-12-03 12:24:05
KEVIN,2018-12-03 12:28:47,2018-12-03 12:43:48
KEVIN,2018-12-03 12:50:53,2018-12-03 13:07:27
ESTHER,2018-12-03 12:53:40,2018-12-03 13:08:41
BRIAN,2018-12-03 14:53:16,2018-12-03 15:19:05
KEVIN,2018-12-03 15:17:40,2018-12-03 15:19:53
KEVIN,2018-12-03 15:31:43,2018-12-03 15:36:19
BRIAN,2018-12-03 15:22:05,2018-12-03 15:44:22
BECCA,2018-12-03 15:41:15,2018-12-03 15:53:58
KEVIN,2018-12-03 16:16:43,2018-12-03 16:20:00
BECCA,2018-12-03 16:27:35,2018-12-03 16:28:01
BRIAN,2018-12-03 17:18:59,2018-12-03 17:19:00
BRIAN,2018-12-03 17:19:09,2018-12-03 17:19:30
BRIAN,2018-12-04 07:09:23,2018-12-04 07:16:38
BRIAN,2018-12-04 07:16:43,2018-12-04 07:34:19
ESTHER,2018-12-04 08:20:32,2018-12-04 08:33:04
BECCA,2018-12-04 08:45:48,2018-12-04 08:46:25
BRIAN,2018-12-04 09:20:02,2018-12-04 09:25:31
BECCA,2018-12-04 09:48:11,2018-12-04 09:51:12
BRIAN,2018-12-04 09:46:10,2018-12-04 10:15:11
TEST,2018-12-04 10:02:11,2018-12-04 10:28:57
TEST,2018-12-04 10:36:55,2018-12-04 10:37:02
KEVIN,2018-12-04 10:37:39,2018-12-04 10:38:00
TEST,2018-12-04 10:30:22,2018-12-04 10:51:19
KEVIN,2018-12-04 10:59:54,2018-12-04 11:03:13
DENISSE,2018-12-04 11:14:59,2018-12-04 11:28:04
BECCA,2018-12-04 11:50:30,2018-12-04 12:00:45
KEVIN,2018-12-04 16:36:51,2018-12-04 16:39:06
KEVIN,2018-12-05 07:17:33,2018-12-05 07:18:20
BRIAN,2018-12-05 08:35:21,2018-12-05 08:39:37
ESTHER,2018-12-05 08:48:21,2018-12-05 08:59:50
ESTHER,2018-12-05 08:59:56,2018-12-05 09:01:21
TEST,2018-12-05 09:44:50,2018-12-05 10:26:21
TEST,2018-12-05 10:41:41,2018-12-05 11:30:48
TEST,2018-12-05 11:31:45,2018-12-05 12:05:38
TEST,2018-12-05 12:08:35,2018-12-05 12:25:56
TEST,2018-12-05 12:30:03,2018-12-05 12:37:31
TEST,2018-12-05 12:38:12,2018-12-05 12:44:16
ESTHER,2018-12-05 13:49:47,2018-12-05 13:51:15
TEST,2018-12-05 15:49:31,2018-12-05 16:08:24
KEVIN,2018-12-05 17:05:26,2018-12-05 17:20:08
KEVIN,2018-12-06 07:08:29,2018-12-06 07:14:41
KEVIN,2018-12-06 07:14:57,2018-12-06 07:32:15
KEVIN,2018-12-06 07:33:13,2018-12-06 07:45:31
BRIAN,2018-12-06 07:52:15,2018-12-06 07:55:09
KEVIN,2018-12-06 08:27:44,2018-12-06 08:35:05
BRIAN,2018-12-06 09:05:20,2018-12-06 09:33:41
BECCA,2018-12-06 09:25:16,2018-12-06 09:41:47
KEVIN,2018-12-06 10:37:04,2018-12-06 10:37:52
BRIAN,2018-12-06 10:37:04,2018-12-06 11:06:22
KEVIN,2018-12-06 11:06:00,2018-12-06 11:08:19
BECCA,2018-12-06 11:11:04,2018-12-06 11:11:05
BECCA,2018-12-06 11:11:17,2018-12-06 11:17:25
BECCA,2018-12-06 11:51:04,2018-12-06 11:51:43
BECCA,2018-12-06 11:55:27,2018-12-06 12:09:22
KEVIN,2018-12-06 11:33:07,2018-12-06 12:24:46
KEVIN,2018-12-06 12:24:56,2018-12-06 12:36:31
BRIAN,2018-12-06 12:22:17,2018-12-06 12:40:53
BECCA,2018-12-06 14:38:57,2018-12-06 14:39:36
KEVIN,2018-12-06 15:02:57,2018-12-06 15:05:03
BECCA,2018-12-06 15:16:21,2018-12-06 15:16:21
BECCA,2018-12-06 15:16:31,2018-12-06 15:23:07
BRIAN,2018-12-06 15:40:58,2018-12-06 15:40:58
BRIAN,2018-12-06 15:41:16,2018-12-06 15:42:30
BECCA,2018-12-06 15:52:25,2018-12-06 16:08:33
BECCA,2018-12-06 16:14:26,2018-12-06 16:21:11
BECCA,2018-12-06 16:21:20,2018-12-06 16:21:47
BRIAN,2018-12-06 16:43:06,2018-12-06 16:48:27
BECCA,2018-12-06 16:50:37,2018-12-06 16:50:37
BECCA,2018-12-06 16:50:47,2018-12-06 16:52:02
KEVIN,2018-12-06 16:58:03,2018-12-06 17:01:16
TEST,2018-12-06 17:05:06,2018-12-06 17:10:32
BRIAN,2018-12-07 07:34:32,2018-12-07 07:56:37
KEVIN,2018-12-07 07:59:59,2018-12-07 08:01:38
KEVIN,2018-12-07 08:16:38,2018-12-07 08:16:49
TUCKER,2018-12-07 08:58:07,2018-12-07 09:07:58
TUCKER,2018-12-07 09:07:42,2018-12-07 09:32:37
TIM,2018-12-07 09:26:50,2018-12-07 09:40:18
BECCA,2018-12-07 09:36:45,2018-12-07 09:55:33
BRIAN,2018-12-07 09:10:22,2018-12-07 09:56:31
BECCA,2018-12-07 11:48:44,2018-12-07 11:48:45
KEVIN,2018-12-07 11:55:06,2018-12-07 11:57:50
KEVIN,2018-12-07 11:59:54,2018-12-07 12:00:10
BECCA,2018-12-07 11:48:54,2018-12-07 12:07:07
BECCA,2018-12-07 12:11:24,2018-12-07 12:21:45
GREG,2018-12-07 12:05:35,2018-12-07 12:28:36
TEST,2018-12-07 12:29:33,2018-12-07 12:30:44
GREG,2018-12-07 12:56:27,2018-12-07 13:13:57
GREG,2018-12-07 13:28:50,2018-12-07 13:29:16
GREG,2018-12-07 14:05:27,2018-12-07 14:33:32
GREG,2018-12-07 14:33:44,2018-12-07 14:56:45
BRIAN,2018-12-07 14:55:12,2018-12-07 15:10:24
BECCA,2018-12-07 15:13:09,2018-12-07 15:17:19
BECCA,2018-12-07 15:36:51,2018-12-07 15:42:58
GREG,2018-12-07 15:23:23,2018-12-07 15:45:40
BRIAN,2018-12-07 15:25:05,2018-12-07 15:49:53
GREG,2018-12-07 15:56:06,2018-12-07 15:56:07
GREG,2018-12-07 15:56:22,2018-12-07 16:00:24
TEST,2018-12-07 16:02:29,2018-12-07 16:17:30
KEVIN,2018-12-07 16:20:28,2018-12-07 16:29:24
BRIAN,2018-12-07 16:20:33,2018-12-07 16:36:20
TEST,2018-12-07 16:37:40,2018-12-07 16:52:41
TEST,2018-12-07 21:19:21,2018-12-07 21:20:12
TUCKER,2018-12-08 07:58:06,2018-12-08 08:04:29
KEVIN,2018-12-08 08:02:32,2018-12-08 08:20:48
KEVIN,2018-12-08 08:21:04,2018-12-08 08:29:23
KEVIN,2018-12-08 08:30:46,2018-12-08 08:40:43
BRIAN,2018-12-08 09:01:30,2018-12-08 09:02:12
BRIAN,2018-12-08 09:02:17,2018-12-08 09:41:10
KEVIN,2018-12-08 09:47:43,2018-12-08 09:48:51
TEST,2018-12-08 16:16:00,2018-12-08 16:16:36
TEST,2018-12-08 16:24:01,2018-12-08 16:29:35
KEVIN,2018-12-09 08:02:58,2018-12-09 08:06:37
KEVIN,2018-12-09 08:23:16,2018-12-09 09:11:14
KEVIN,2018-12-10 07:54:22,2018-12-10 07:54:22
KEVIN,2018-12-10 07:54:34,2018-12-10 07:56:37
ESTHER,2018-12-10 08:21:40,2018-12-10 08:25:06
BECCA,2018-12-10 09:22:11,2018-12-10 09:39:28
BECCA,2018-12-10 09:40:16,2018-12-10 09:40:42
KEVIN,2018-12-10 10:02:10,2018-12-10 10:10:54
BECCA,2018-12-10 10:17:28,2018-12-10 10:29:53
BRIAN,2018-12-10 11:17:23,2018-12-10 11:30:52
BECCA,2018-12-10 12:19:14,2018-12-10 12:36:16
BECCA,2018-12-10 12:42:45,2018-12-10 12:45:51
BECCA,2018-12-10 15:05:15,2018-12-10 15:12:18
BECCA,2018-12-10 15:39:24,2018-12-10 15:42:04
TEST,2018-12-10 15:26:38,2018-12-10 15:50:56
BECCA,2018-12-10 15:58:37,2018-12-10 16:02:41
TEST,2018-12-10 15:57:48,2018-12-10 16:22:36
BRIAN,1544533914.358,1544533945.104
BECCA,1544535563.614,1544536865.992
BECCA,1544537089.274,1544537762.015
TEST,1544536874.324,1544537904.275
BECCA,1544538011.478,1544538577.493
BECCA,1544538797.96,1544539298.803
BECCA,1544539396.012,1544539474.626
BECCA,1544539483.817,1544539493.888
BECCA,1544542598.949,1544542599.09
BECCA,1544542612.223,1544542767.866
TEST,1544543523.893,1544544698.494
