userId,bandNumber,date,time,comment,sessionId
KEVIN,2701-74745,2018-11-20,13:42 UTC,,NA
KEVIN,2741-54668,2018-11-20,13:42 UTC,,NA
KEVIN,O_GG,2018-11-20,15:02 UTC,,NA
KEVIN,2840-12279,2018-11-20,15:03 UTC,,NA
KEVIN,2471-68219,2018-11-20,15:03 UTC,Male,NA
KEVIN,2471-68095,2018-11-20,15:03 UTC,,NA
KEVIN,2471-68010,2018-11-20,15:04 UTC,,NA
KEVIN,2741-54668,2018-11-20,15:27 UTC,,NA
KEVIN,2471-68203,2018-11-20,15:28 UTC,,NA
KEVIN,2471-68028,2018-11-20,15:29 UTC,,NA
KEVIN,2711-77194,2018-11-20,15:29 UTC,,NA
KEVIN,2471-68020,2018-11-20,15:31 UTC,,NA
KEVIN,2840-12359,2018-11-20,15:43 UTC,,NA
KEVIN,2840-12279,2018-11-20,15:43 UTC,,NA
BRIAN,2741-54668,2018-11-20,19:45 UTC,,NA
BRIAN,2701-39091,2018-11-20,19:45 UTC,,NA
BRIAN,2571-90159,2018-11-20,19:46 UTC,,NA
BECCA,2701-74787,2018-11-20,19:51 UTC,,NA
BRIAN,2750-41578,2018-11-20,19:51 UTC,,NA
BECCA,2840-12279,2018-11-20,19:52 UTC,,NA
BRIAN,2840-12279,2018-11-20,19:52 UTC,,NA
BECCA,2741-54668,2018-11-20,19:57 UTC,,NA
KEVIN,2701-74784,2018-11-20,20:08 UTC,,NA
KEVIN,2711-77194,2018-11-20,20:10 UTC,,NA
KEVIN,2701-74781,2018-11-20,20:12 UTC,,NA
KEVIN,2421-11615,2018-11-20,20:13 UTC,2010!!!! New record?,NA
KEVIN,2471-68010,2018-11-20,20:13 UTC,,NA
BRIAN,2421-11615,2018-11-20,20:14 UTC,,NA
BECCA,2421-11615,2018-11-20,20:16 UTC,look into this one,NA
BRIAN,2701-74725,2018-11-20,20:17 UTC,,NA
BRIAN,2471-68010,2018-11-16,20:18 UTC,,NA
BRIAN,2701-74795,2018-11-16,20:20 UTC,,NA
BRIAN,2711-77194,2018-11-16,20:23 UTC,,NA
BRIAN,2471-68223,2018-11-16,20:24 UTC,,NA
BRIAN,2471-68236,2018-11-16,20:25 UTC,,NA
BRIAN,2471-68028,2018-11-16,20:27 UTC,,NA
BRIAN,2741-54668,2018-11-17,13:23 UTC,,NA
BRIAN,2701-74784,2018-11-17,13:25 UTC,,NA
BRIAN,KG_Y,2018-11-17,13:32 UTC,,NA
BRIAN,2471-68024,2018-11-17,13:34 UTC,,NA
BRIAN,W_OG,2018-11-17,13:38 UTC,,NA
BRIAN,2840-12274,2018-11-17,13:42 UTC,,NA
BRIAN,2701-74787,2018-11-17,13:44 UTC,,NA
BRIAN,2471-68011,2018-11-17,13:48 UTC,,NA
BRIAN,2840-12274,2018-11-17,13:49 UTC,,NA
BRIAN,2471-68236,2018-11-17,13:50 UTC,,NA
KEVIN,2701-39091,2018-11-17,22:09 UTC,Male,NA
KEVIN,2421-04201,2018-11-18,11:46 UTC,,NA
KEVIN,2701-39091,2018-11-18,12:02 UTC,,NA
KEVIN,2711-77194,2018-11-18,12:03 UTC,,NA
KEVIN,2471-68021,2018-11-18,12:03 UTC,,NA
KEVIN,2741-54668,2018-11-18,12:08 UTC,,NA
KEVIN,2471-68020,2018-11-18,12:10 UTC,,NA
KEVIN,2741-54668,2018-11-18,12:11 UTC,,NA
KEVIN,-_PY,2018-11-18,12:12 UTC,,NA
KEVIN,2471-68020,2018-11-18,12:14 UTC,,NA
KEVIN,2471-68020,2018-11-18,12:21 UTC,,NA
KEVIN,2701-74746,2018-11-18,12:24 UTC,,NA
KEVIN,2701-74783,2018-11-18,12:27 UTC,,NA
KEVIN,2741-54677,2018-11-18,14:45 UTC,,NA
KEVIN,2741-54668,2018-11-18,14:46 UTC,,NA
BRIAN,2701-74784,2018-11-18,17:29 UTC,,NA
BRIAN,2701-74793,2018-11-18,17:31 UTC,,NA
BRIAN,B_GO,2018-11-18,17:33 UTC,,NA
BRIAN,2471-68236,2018-11-18,17:36 UTC,,NA
BRIAN,W_OG,2018-11-18,17:37 UTC,,NA
BRIAN,2471-68219,2018-11-18,17:38 UTC,,NA
BRIAN,2741-54668,2018-11-18,17:40 UTC,,NA
BRIAN,2701-74784,2018-11-18,17:41 UTC,,NA
BRIAN,WM_M,2018-11-18,17:46 UTC,,NA
BRIAN,2840-12279,2018-11-18,17:47 UTC,,NA
BRIAN,2701-74787,2018-11-18,17:47 UTC,,NA
BRIAN,2701-74746,2018-11-18,17:51 UTC,,NA
BRIAN,2701-74747,2018-11-18,17:55 UTC,,NA
KEVIN,2741-54668,2018-11-18,21:06 UTC,,NA
KEVIN,2840-12279,2018-11-18,21:07 UTC,,NA
KEVIN,2741-54677,2018-11-18,21:10 UTC,,NA
KEVIN,2421-04201,2018-11-18,21:11 UTC,,NA
KEVIN,2701-74781,2018-11-18,21:11 UTC,,NA
KEVIN,2741-54668,2018-11-18,21:13 UTC,,NA
KEVIN,2750-64378,2018-11-18,21:14 UTC,,NA
KEVIN,2471-68026,2018-11-18,21:14 UTC,,NA
KEVIN,2471-68020,2018-11-18,21:15 UTC,,NA
KEVIN,2471-68026,2018-11-18,21:16 UTC,,NA
KEVIN,2471-68026,2018-11-18,21:17 UTC,,NA
KEVIN,2471-68028,2018-11-18,21:18 UTC,,NA
KEVIN,2741-54668,2018-11-18,21:18 UTC,,NA
KEVIN,2421-04201,2018-11-18,21:21 UTC,,NA
KEVIN,2471-68028,2018-11-18,21:22 UTC,,NA
KEVIN,2840-12279,2018-11-18,21:26 UTC,,NA
BRIAN,2701-74745,2018-11-18,22:06 UTC,,NA
BRIAN,2701-74747,2018-11-19,12:05 UTC,,NA
BRIAN,2840-12279,2018-11-19,12:06 UTC,,NA
BRIAN,2471-68236,2018-11-19,12:09 UTC,,NA
BRIAN,2471-68026,2018-11-19,12:09 UTC,,NA
BRIAN,2701-74746,2018-11-19,12:12 UTC,,NA
KEVIN,2701-74781,2018-11-19,12:34 UTC,,NA
KEVIN,2701-74781,2018-11-19,12:41 UTC,,NA
KEVIN,2840-12279,2018-11-19,12:44 UTC,,NA
KEVIN,2471-68020,2018-11-19,12:54 UTC,,NA
KEVIN,2701-39096,2018-11-19,12:55 UTC,,NA
KEVIN,2840-12279,2018-11-19,12:59 UTC,,NA
KEVIN,2741-54677,2018-11-19,13:00 UTC,No black,NA
KEVIN,2711-77194,2018-11-19,13:02 UTC,,NA
KEVIN,2471-68020,2018-11-19,13:08 UTC,,NA
KEVIN,2750-64378,2018-11-19,13:22 UTC,,NA
KEVIN,2701-74781,2018-11-19,13:25 UTC,,NA
KEVIN,2471-68020,2018-11-19,13:25 UTC,,NA
BRIAN,2741-54668,2018-11-19,14:09 UTC,,NA
BECCA,2471-68020,2018-11-19,14:17 UTC,,NA
BECCA,2471-68203,2018-11-19,14:17 UTC,,NA
BECCA,2840-12359,2018-11-19,14:18 UTC,,NA
BECCA,2711-54868,2018-11-19,14:19 UTC,,NA
BECCA,2701-74787,2018-11-19,14:20 UTC,,NA
BECCA,2741-54668,2018-11-19,14:20 UTC,,NA
BECCA,O_GG,2018-11-19,14:21 UTC,,NA
BECCA,2711-77194,2018-11-19,14:22 UTC,,NA
BECCA,2840-12279,2018-11-19,14:23 UTC,,NA
BECCA,2471-68028,2018-11-19,14:28 UTC,,NA
BECCA,KG_Y,2018-11-19,14:29 UTC,,NA
TIM,2471-68259,2018-11-19,15:39 UTC,,NA
TIM,2471-68223,2018-11-19,15:41 UTC,,NA
BECCA,O_GG,2018-11-19,16:08 UTC,,NA
KEVIN,2471-68020,2018-11-19,18:03 UTC,,NA
KEVIN,2701-74781,2018-11-19,18:03 UTC,,NA
KEVIN,2471-68236,2018-11-19,18:04 UTC,,NA
KEVIN,2741-54668,2018-11-19,18:04 UTC,,NA
KEVIN,2741-54668,2018-11-19,18:06 UTC,,NA
KEVIN,2711-77194,2018-11-19,18:09 UTC,,NA
KEVIN,2741-54668,2018-11-19,18:09 UTC,,NA
KEVIN,2741-54677,2018-11-19,18:10 UTC,,NA
BRIAN,2840-12279,2018-11-19,18:48 UTC,,NA
BRIAN,2741-54668,2018-11-19,18:50 UTC,,NA
BRIAN,2741-54677,2018-11-19,18:51 UTC,,NA
BRIAN,2701-74748,2018-11-19,18:53 UTC,,NA
BRIAN,2471-68095,2018-11-19,19:08 UTC,,NA
BRIAN,2741-54668,2018-11-19,19:09 UTC,,NA
BRIAN,2840-12279,2018-11-19,19:10 UTC,,NA
BRIAN,2471-68028,2018-11-19,19:11 UTC,,NA
BRIAN,1793-94807,2018-11-19,19:12 UTC,,NA
BRIAN,2471-68223,2018-11-19,19:14 UTC,,NA
BRIAN,2471-68010,2018-11-19,19:15 UTC,,NA
BRIAN,2471-68020,2018-11-19,19:15 UTC,,NA
BRIAN,2471-68031,2018-11-19,19:19 UTC,,NA
KEVIN,2471-68085,2018-11-19,20:10 UTC,,NA
KEVIN,2471-68095,2018-11-19,20:15 UTC,,NA
KEVIN,2471-68010,2018-11-19,20:16 UTC,,NA
KEVIN,2701-74745,2018-11-20,12:31 UTC,,NA
KEVIN,2701-74745,2018-11-20,12:33 UTC,,NA
KEVIN,2741-54668,2018-11-20,12:34 UTC,,NA
KEVIN,2701-74793,2018-11-20,12:35 UTC,,NA
KEVIN,2471-68020,2018-11-20,12:36 UTC,,NA
KEVIN,2701-74748,2018-11-20,12:37 UTC,,NA
KEVIN,2471-68024,2018-11-20,13:27 UTC,,NA
KEVIN,2701-39091,2018-11-20,13:28 UTC,,NA
KEVIN,2471-68219,2018-11-20,13:32 UTC,Male,NA
KEVIN,2701-74787,2018-11-20,13:32 UTC,,NA
KEVIN,2741-54668,2018-11-03,13:54 UTC,,NA
KEVIN,2701-74784,2018-11-03,13:58 UTC,,NA
KEVIN,2701-39096,2018-11-03,17:14 UTC,,NA
KEVIN,KR_P,2018-11-03,17:27 UTC,,NA
KEVIN,2741-54668,2018-11-03,17:27 UTC,,NA
KEVIN,2701-74784,2018-11-03,17:53 UTC,,NA
KEVIN,2741-54668,2018-11-03,20:59 UTC,,NA
KEVIN,2741-54668,2018-11-03,21:02 UTC,,NA
KEVIN,2421-04201,2018-11-03,21:03 UTC,,NA
KEVIN,2471-68021,2018-11-03,21:36 UTC,,NA
KEVIN,2471-68021,2018-11-03,21:40 UTC,,NA
KEVIN,2711-77169,2018-11-03,21:43 UTC,,NA
KEVIN,2701-74747,2018-11-03,21:44 UTC,,NA
KEVIN,2701-74747,2018-11-03,21:45 UTC,,NA
KEVIN,2701-74781,2018-11-03,21:48 UTC,,NA
KEVIN,2701-74763,2018-11-03,21:51 UTC,,NA
KEVIN,2710-74787,2018-11-03,21:53 UTC,,NA
KEVIN,2701-74781,2018-11-03,21:56 UTC,,NA
BRIAN,2710-74745,2018-11-03,22:12 UTC,,NA
KEVIN,2741-54668,2018-11-04,11:51 UTC,,NA
BRIAN,2741-54668,2018-11-04,11:51 UTC,,NA
KEVIN,2701-74747,2018-11-04,11:56 UTC,,NA
KEVIN,2701-74793,2018-11-04,11:59 UTC,,NA
KEVIN,2701-74781,2018-11-04,11:59 UTC,,NA
KEVIN,2701-74747,2018-11-04,11:59 UTC,,NA
KEVIN,2701-74748,2018-11-04,12:02 UTC,,NA
KEVIN,2701-74783,2018-11-04,12:02 UTC,,NA
KEVIN,2701-74745,2018-11-04,12:07 UTC,cute,NA
KEVIN,2701-74781,2018-11-04,12:10 UTC,hatch year,NA
KEVIN,2701-74784,2018-11-04,12:14 UTC,,NA
KEVIN,2840-12359,2018-11-04,12:31 UTC,,NA
KEVIN,2741-54668,2018-11-04,12:59 UTC,,NA
KEVIN,2701-74793,2018-11-04,15:52 UTC,,NA
KEVIN,2741-54668,2018-11-04,15:52 UTC,,NA
KEVIN,2741-54668,2018-11-04,15:53 UTC,,NA
KEVIN,2701-74784,2018-11-04,15:53 UTC,,NA
KEVIN,2741-54668,2018-11-04,15:54 UTC,,NA
KEVIN,2741-54677,2018-11-04,16:50 UTC,black missing?,NA
KEVIN,2741-54677,2018-11-04,16:50 UTC,nevermind... not missing ,NA
BRIAN,2701-74784,2018-11-04,17:36 UTC,,NA
BRIAN,2701-74781,2018-11-04,17:57 UTC,,NA
KEVIN,2701-74793,2018-11-04,19:25 UTC,,NA
BRIAN,2421-04201,2018-11-04,19:28 UTC,,NA
KEVIN,2421-04201,2018-11-04,19:29 UTC,,NA
KEVIN,2421-04201,2018-11-04,19:30 UTC,left wing seems to be drooping,NA
KEVIN,KR_P,2018-11-04,19:33 UTC,,NA
KEVIN,2701-74784,2018-11-04,19:34 UTC,,NA
KEVIN,2471-68021,2018-11-04,19:35 UTC,,NA
KEVIN,2701-74784,2018-11-04,19:39 UTC,,NA
KEVIN,2701-74781,2018-11-04,20:10 UTC,,NA
KEVIN,2711-77169,2018-11-04,20:11 UTC,,NA
KEVIN,2701-74746,2018-11-04,20:12 UTC,,NA
KEVIN,2701-74746,2018-11-04,20:12 UTC,,NA
KEVIN,2701-74746,2018-11-04,20:13 UTC,,NA
KEVIN,2840-12279,2018-11-04,20:15 UTC,,NA
KEVIN,2840-12279,2018-11-04,20:16 UTC,,NA
KEVIN,2701-74781,2018-11-04,20:17 UTC,,NA
KEVIN,2701-74784,2018-11-04,21:22 UTC,,NA
KEVIN,2701-74784,2018-11-04,21:23 UTC,,NA
KEVIN,2741-54668,2018-11-04,21:24 UTC,,NA
KEVIN,2701-74747,2018-11-04,21:25 UTC,,NA
KEVIN,2701-74781,2018-11-04,21:27 UTC,,NA
KEVIN,2741-54668,2018-11-04,21:27 UTC,,NA
KEVIN,2471-68021,2018-11-04,21:28 UTC,,NA
KEVIN,2840-12279,2018-11-04,21:32 UTC,,NA
BRIAN,2701-74747,2018-11-05,12:03 UTC,,NA
BRIAN,2701-74784,2018-11-05,12:05 UTC,,NA
BRIAN,2701-39091,2018-11-05,12:09 UTC,,NA
BRIAN,2701-74746,2018-11-05,12:15 UTC,,NA
BRIAN,2711-77194,2018-11-05,12:16 UTC,,NA
KEVIN,2840-12279,2018-11-05,12:27 UTC,,NA
KEVIN,2840-12279,2018-11-05,12:28 UTC,,NA
BRIAN,2840-12279,2018-11-05,12:29 UTC,becca,NA
KEVIN,2840-12279,2018-11-05,12:29 UTC,,NA
BRIAN,2710-74787,2018-11-05,12:32 UTC,becca,NA
BRIAN,2750-64378,2018-11-05,12:32 UTC,,NA
KEVIN,2840-12279,2018-11-05,12:42 UTC,,NA
KEVIN,2701-74763,2018-11-05,12:43 UTC,,NA
KEVIN,2840-12279,2018-11-05,12:54 UTC,,NA
KEVIN,2701-74747,2018-11-05,12:55 UTC,,NA
KEVIN,2840-12279,2018-11-05,13:02 UTC,,NA
KEVIN,2471-68235,2018-11-05,13:04 UTC,,NA
KEVIN,2701-74781,2018-11-05,13:06 UTC,,NA
KEVIN,2471-68021,2018-11-05,13:11 UTC,,NA
KEVIN,2750-64378,2018-11-05,13:13 UTC,,NA
KEVIN,2840-12279,2018-11-05,13:16 UTC,,NA
KEVIN,2840-12279,2018-11-05,13:17 UTC,,NA
KEVIN,2471-68236,2018-11-05,14:52 UTC,,NA
BECCA,WM_M,2018-11-05,16:04 UTC,,NA
BECCA,B_WO,2018-11-05,16:05 UTC,,NA
BECCA,2471-68021,2018-11-05,16:08 UTC,,NA
BECCA,2701-74747,2018-11-05,16:09 UTC,,NA
BECCA,2471-68219,2018-11-05,16:17 UTC,,NA
BECCA,2471-68019,2018-11-05,16:18 UTC,,NA
BECCA,2701-74784,2018-11-05,16:20 UTC,,NA
BECCA,2840-12279,2018-11-05,16:22 UTC,,NA
KEVIN,2471-68019,2018-11-05,17:05 UTC,,NA
KEVIN,2741-54677,2018-11-05,17:06 UTC,,NA
KEVIN,2750-64378,2018-11-05,17:08 UTC,,NA
BRIAN,2741-54677,2018-11-05,18:26 UTC,,NA
BRIAN,KG_Y,2018-11-05,18:26 UTC,,NA
BECCA,KG_Y,2018-11-05,18:37 UTC,,NA
KEVIN,2840-12279,2018-11-05,19:26 UTC,,NA
KEVIN,2840-12279,2018-11-05,19:28 UTC,,NA
KEVIN,2701-74763,2018-11-05,19:29 UTC,,NA
KEVIN,2840-12279,2018-11-05,19:30 UTC,,NA
KEVIN,2840-12279,2018-11-05,19:30 UTC,,NA
KEVIN,2710-74787,2018-11-05,19:30 UTC,,NA
BECCA,2710-74787,2018-11-05,19:31 UTC,,NA
KEVIN,2710-74787,2018-11-05,19:31 UTC,,NA
BECCA,2471-68019,2018-11-05,19:32 UTC,,NA
BECCA,2741-54668,2018-11-05,19:34 UTC,,NA
KEVIN,2840-12279,2018-11-05,19:34 UTC,,NA
KEVIN,2471-68019,2018-11-05,19:35 UTC,,NA
KEVIN,2840-12279,2018-11-05,19:37 UTC,,NA
BECCA,2471-68021,2018-11-05,19:41 UTC,,NA
KEVIN,2741-54668,2018-11-05,20:10 UTC,,NA
KEVIN,2741-54668,2018-11-05,20:12 UTC,,NA
KEVIN,2840-12279,2018-11-05,20:14 UTC,,NA
KEVIN,2840-12279,2018-11-05,20:19 UTC,,NA
KEVIN,2701-74781,2018-11-05,20:30 UTC,,NA
KEVIN,2701-74781,2018-11-05,20:42 UTC,,NA
KEVIN,2701-74784,2018-11-06,19:40 UTC,,NA
KEVIN,2701-74784,2018-11-06,19:40 UTC,,NA
KEVIN,2701-74784,2018-11-06,20:35 UTC,,NA
KEVIN,GG_B,2018-11-06,20:38 UTC,,NA
KEVIN,GG_B,2018-11-06,20:41 UTC,,NA
KEVIN,GG_B,2018-11-06,20:42 UTC,,NA
KEVIN,2701-74784,2018-11-06,20:46 UTC,,NA
BECCA,2701-74784,2018-11-07,17:14 UTC,,NA
BECCA,2701-74793,2018-11-07,18:03 UTC,bob spotted it,NA
BECCA,2701-74748,2018-11-08,13:12 UTC,,NA
BECCA,2741-54677,2018-11-08,13:12 UTC,,NA
BECCA,2471-68011,2018-11-08,13:13 UTC,,NA
BECCA,2471-68010,2018-11-08,13:13 UTC,,NA
BECCA,2471-68025,2018-11-08,13:14 UTC,,NA
KEVIN,2471-68025,2018-11-08,20:10 UTC,,NA
KEVIN,2471-68010,2018-11-08,20:12 UTC,,NA
KEVIN,2471-68025,2018-11-08,20:12 UTC,,NA
KEVIN,2471-68010,2018-11-08,20:13 UTC,,NA
KEVIN,2471-68010,2018-11-08,20:18 UTC,,NA
KEVIN,2471-68010,2018-11-08,20:19 UTC,,NA
KEVIN,2741-54668,2018-11-08,20:58 UTC,,NA
KEVIN,2711-77169,2018-11-08,20:59 UTC,,NA
KEVIN,2750-64378,2018-11-08,20:59 UTC,,NA
KEVIN,2471-68015,2018-11-08,21:06 UTC,,NA
KEVIN,2741-54668,2018-11-08,21:09 UTC,,NA
KEVIN,2711-77169,2018-11-08,21:28 UTC,,NA
KEVIN,2711-77169,2018-11-08,21:28 UTC,,NA
KEVIN,2701-74747,2018-11-08,21:31 UTC,,NA
BECCA,2701-74747,2018-11-08,22:11 UTC,,NA
KEVIN,2701-74763,2018-11-09,12:15 UTC,,NA
KEVIN,2701-74748,2018-11-09,12:16 UTC,,NA
KEVIN,2741-54668,2018-11-09,12:19 UTC,,NA
KEVIN,2701-74793,2018-11-09,12:30 UTC,,NA
KEVIN,2701-74763,2018-11-09,13:17 UTC,,NA
KEVIN,2741-54668,2018-11-09,13:17 UTC,,NA
KEVIN,2701-74747,2018-11-09,13:19 UTC,,NA
KEVIN,2701-74783,2018-11-09,13:20 UTC,,NA
KEVIN,2701-74747,2018-11-09,13:21 UTC,,NA
KEVIN,2701-74783,2018-11-09,13:23 UTC,,NA
KEVIN,2701-74781,2018-11-09,13:24 UTC,,NA
KEVIN,2701-74783,2018-11-09,13:24 UTC,,NA
BECCA,2741-54677,2018-11-09,14:11 UTC,,NA
BECCA,2741-54668,2018-11-09,14:11 UTC,,NA
BECCA,2701-74787,2018-11-09,15:30 UTC,,NA
BECCA,2701-74746,2018-11-09,15:32 UTC,,NA
BECCA,2471-68085,2018-11-09,15:34 UTC,,NA
BECCA,2471-68025,2018-11-09,15:41 UTC,,NA
KEVIN,B_OG,2018-11-09,16:12 UTC,,NA
KEVIN,2471-68011,2018-11-09,16:13 UTC,,NA
KEVIN,2840-12279,2018-11-09,16:58 UTC,,NA
KEVIN,2701-74783,2018-11-09,16:58 UTC,,NA
KEVIN,2840-12279,2018-11-09,16:59 UTC,,NA
KEVIN,2701-74783,2018-11-09,17:00 UTC,,NA
KEVIN,2471-68020,2018-11-09,17:00 UTC,,NA
KEVIN,2471-68210,2018-11-09,17:01 UTC,,NA
KEVIN,2471-68020,2018-11-09,17:02 UTC,,NA
KEVIN,2701-74784,2018-11-09,17:04 UTC,,NA
KEVIN,2471-68019,2018-11-09,17:06 UTC,,NA
KEVIN,2741-54668,2018-11-09,17:11 UTC,,NA
KEVIN,2471-68011,2018-11-09,17:17 UTC,,NA
KEVIN,2471-68025,2018-11-09,17:17 UTC,,NA
KEVIN,2840-12279,2018-11-09,17:18 UTC,,NA
KEVIN,2701-74747,2018-11-09,17:18 UTC,,NA
KEVIN,2701-74793,2018-11-09,17:19 UTC,,NA
KEVIN,2471-68025,2018-11-09,17:20 UTC,,NA
KEVIN,2701-74746,2018-11-09,17:21 UTC,,NA
KEVIN,2471-68025,2018-11-09,17:23 UTC,,NA
KEVIN,2701-74781,2018-11-09,17:24 UTC,,NA
KEVIN,2701-74784,2018-11-09,17:24 UTC,,NA
KEVIN,2701-74781,2018-11-09,17:25 UTC,,NA
BECCA,2701-74741,2018-11-09,17:27 UTC,,NA
KEVIN,2711-77194,2018-11-09,17:28 UTC,,NA
KEVIN,2711-77194,2018-11-09,17:30 UTC,,NA
BECCA,2711-77194,2018-11-09,17:31 UTC,"blue looked like a purple, look into this",NA
BECCA,2701-74784,2018-11-09,17:31 UTC,,NA
BECCA,2840-12279,2018-11-09,17:32 UTC,,NA
BECCA,2701-39091,2018-11-09,17:33 UTC,,NA
BECCA,2421-04201,2018-11-09,17:35 UTC,,NA
BECCA,2701-39091,2018-11-09,17:36 UTC,is a male now,NA
BECCA,2741-54668,2018-11-09,17:37 UTC,,NA
KEVIN,2701-39091,2018-11-09,17:38 UTC,,NA
KEVIN,2701-39091,2018-11-09,17:39 UTC,SY Male,NA
KEVIN,2701-74746,2018-11-09,17:39 UTC,,NA
KEVIN,2701-74715,2018-11-09,17:41 UTC,missing Red color band,NA
KEVIN,2701-74748,2018-11-09,17:44 UTC,,NA
KEVIN,2471-68024,2018-11-09,17:47 UTC,,NA
BECCA,2471-68024,2018-11-09,17:48 UTC,,NA
KEVIN,2701-74763,2018-11-09,17:50 UTC,,NA
BECCA,2741-54668,2018-11-09,18:08 UTC,,NA
KEVIN,2701-74781,2018-11-09,18:26 UTC,,NA
KEVIN,2840-12279,2018-11-09,18:27 UTC,,NA
BECCA,2701-74741,2018-11-09,18:27 UTC,,NA
KEVIN,2701-74747,2018-11-09,18:28 UTC,,NA
BECCA,2701-74746,2018-11-09,18:32 UTC,,NA
KEVIN,2701-74746,2018-11-09,18:32 UTC,,NA
KEVIN,2701-74781,2018-11-09,18:37 UTC,,NA
KEVIN,2701-39091,2018-11-09,18:57 UTC,,NA
KEVIN,2840-12279,2018-11-09,18:57 UTC,,NA
KEVIN,2701-74748,2018-11-09,18:57 UTC,,NA
KEVIN,2701-74748,2018-11-09,19:00 UTC,,NA
KEVIN,2701-74746,2018-11-09,19:01 UTC,,NA
KEVIN,2701-74746,2018-11-09,19:03 UTC,,NA
KEVIN,2701-74793,2018-11-09,19:06 UTC,,NA
KEVIN,2741-54677,2018-11-09,19:07 UTC,,NA
KEVIN,2840-12279,2018-11-09,19:39 UTC,,NA
KEVIN,2471-68019,2018-11-09,19:41 UTC,,NA
BECCA,2701-74784,2018-11-09,20:43 UTC,,NA
BECCA,2741-54668,2018-11-09,20:46 UTC,,NA
BECCA,2711-77169,2018-11-09,20:57 UTC,,NA
BRIAN,2840-12279,2018-11-10,12:02 UTC,,NA
BRIAN,2701-74787,2018-11-10,12:44 UTC,,NA
BRIAN,WM_M,2018-11-10,16:59 UTC,,NA
BRIAN,W_OG,2018-11-10,17:01 UTC,,NA
BRIAN,2701-74787,2018-11-10,17:02 UTC,,NA
BRIAN,O_GG,2018-11-10,17:03 UTC,,NA
BRIAN,2471-68236,2018-11-10,17:15 UTC,,NA
BRIAN,2701-74782,2018-11-10,17:17 UTC,,NA
BRIAN,M_BK,2018-11-10,17:28 UTC,,NA
BRIAN,O_GG,2018-11-10,17:29 UTC,,NA
BRIAN,2840-12279,2018-11-10,17:30 UTC,,NA
BRIAN,2701-74763,2018-11-10,17:36 UTC,,NA
BRIAN,2840-12279,2018-11-10,17:47 UTC,,NA
BRIAN,2701-39096,2018-11-10,17:54 UTC,,NA
BRIAN,2701-74747,2018-11-10,17:55 UTC,,NA
BRIAN,2701-74781,2018-11-10,17:55 UTC,,NA
BRIAN,2701-74787,2018-11-10,17:57 UTC,,NA
BRIAN,2701-74784,2018-11-10,17:57 UTC,,NA
BRIAN,2701-74748,2018-11-10,17:59 UTC,,NA
BRIAN,2701-74784,2018-11-10,18:01 UTC,,NA
BRIAN,2741-54668,2018-11-10,18:10 UTC,,NA
BRIAN,2741-54677,2018-11-10,18:12 UTC,,NA
BRIAN,KR_P,2018-11-10,18:22 UTC,,NA
BRIAN,2471-68025,2018-11-10,19:02 UTC,,NA
BRIAN,2701-74748,2018-11-10,19:03 UTC,,NA
BRIAN,RW_K,2018-11-10,19:05 UTC,,NA
BRIAN,W_OG,2018-11-10,19:10 UTC,,NA
BRIAN,2701-74781,2018-11-10,19:14 UTC,,NA
BRIAN,1603-45007,2018-11-11,12:26 UTC,,NA
BRIAN,2840-12279,2018-11-11,12:27 UTC,,NA
BRIAN,2701-74787,2018-11-11,12:27 UTC,,NA
BRIAN,2741-54668,2018-11-11,12:28 UTC,,NA
BRIAN,2701-74746,2018-11-11,12:28 UTC,,NA
BRIAN,2840-12279,2018-11-11,12:50 UTC,,NA
BRIAN,2701-74746,2018-11-11,12:50 UTC,,NA
BRIAN,1603-45007,2018-11-11,12:50 UTC,,NA
BRIAN,2701-39091,2018-11-11,12:52 UTC,,NA
BRIAN,BM_Y,2018-11-11,12:53 UTC,,NA
BRIAN,2741-54668,2018-11-11,12:54 UTC,,NA
BRIAN,2701-74787,2018-11-11,12:55 UTC,,NA
BRIAN,2701-74781,2018-11-11,12:59 UTC,,NA
BRIAN,2750-41551,2018-11-11,12:59 UTC,,NA
BRIAN,2701-74748,2018-11-11,13:00 UTC,,NA
BRIAN,2741-54677,2018-11-11,13:01 UTC,,NA
BRIAN,2701-74789,2018-11-11,13:09 UTC,,NA
BRIAN,2701-39096,2018-11-11,13:10 UTC,the previous purple/metal resight was incorrect,NA
BRIAN,2701-74787,2018-11-11,13:11 UTC,,NA
BRIAN,BM_Y,2018-11-11,13:12 UTC,,NA
BRIAN,2741-54668,2018-11-11,15:00 UTC,,NA
BRIAN,2701-74746,2018-11-11,15:26 UTC,,NA
BRIAN,2741-54668,2018-11-11,15:27 UTC,,NA
BRIAN,2701-74781,2018-11-11,15:27 UTC,,NA
BRIAN,2701-74793,2018-11-11,15:32 UTC,,NA
BRIAN,2701-74784,2018-11-11,17:46 UTC,,NA
BECCA,2741-54668,2018-11-11,20:44 UTC,,NA
BECCA,2741-54677,2018-11-11,20:51 UTC,,NA
BECCA,2701-74746,2018-11-11,20:55 UTC,,NA
BECCA,2701-39091,2018-11-11,21:03 UTC,,NA
BECCA,2701-74748,2018-11-11,21:07 UTC,,NA
BECCA,2421-04201,2018-11-11,21:12 UTC,,NA
BECCA,2840-12279,2018-11-11,21:14 UTC,,NA
BECCA,2701-74787,2018-11-11,21:20 UTC,,NA
BECCA,2701-74747,2018-11-11,21:21 UTC,,NA
BECCA,2471-68015,2018-11-11,21:32 UTC,,NA
BRIAN,2421-04201,2018-11-11,21:33 UTC,,NA
BRIAN,2840-12279,2018-11-11,21:34 UTC,,NA
BRIAN,2741-54668,2018-11-11,21:35 UTC,,NA
BRIAN,2840-12359,2018-11-11,21:41 UTC,,NA
BRIAN,2701-74783,2018-11-12,12:39 UTC,,NA
BRIAN,2701-74787,2018-11-12,12:39 UTC,,NA
BRIAN,2701-74763,2018-11-12,12:43 UTC,,NA
BRIAN,2701-74748,2018-11-12,12:47 UTC,,NA
BRIAN,2840-12279,2018-11-12,13:11 UTC,,NA
BRIAN,2741-54668,2018-11-12,13:31 UTC,,NA
BRIAN,2471-68019,2018-11-12,13:42 UTC,,NA
BRIAN,2710-74745,2018-11-12,14:38 UTC,could be one of two birds,NA
BRIAN,2471-68011,2018-11-12,14:43 UTC,,NA
BRIAN,2471-68025,2018-11-12,14:44 UTC,,NA
BRIAN,2741-54668,2018-11-12,14:45 UTC,,NA
BRIAN,2701-74781,2018-11-12,14:50 UTC,,NA
BRIAN,2701-74783,2018-11-12,15:03 UTC,,NA
BRIAN,2741-54668,2018-11-12,20:59 UTC,,NA
BRIAN,2701-74783,2018-11-12,21:01 UTC,,NA
BRIAN,2741-54677,2018-11-12,21:03 UTC,,NA
BRIAN,2701-74787,2018-11-12,21:05 UTC,,NA
BRIAN,2471-68095,2018-11-12,21:05 UTC,,NA
BRIAN,2421-04201,2018-11-12,21:07 UTC,,NA
BRIAN,2701-74748,2018-11-12,21:09 UTC,,NA
BRIAN,2840-12279,2018-11-12,21:15 UTC,,NA
BRIAN,2711-77169,2018-11-12,21:22 UTC,,NA
BRIAN,2701-39091,2018-11-12,21:23 UTC,,NA
BRIAN,2661-07895,2018-11-12,21:24 UTC,,NA
BRIAN,2840-12359,2018-11-12,21:32 UTC,,NA
DENISSE,2741-54695,2018-11-13,13:53 UTC,,NA
DENISSE,2701-74748,2018-11-13,13:56 UTC,,NA
DENISSE,2701-74746,2018-11-13,14:00 UTC,,NA
DENISSE,2701-74787,2018-11-13,14:05 UTC,,NA
BECCA,2471-68092,2018-11-13,16:42 UTC,,NA
KEVIN,2471-68092,2018-11-13,17:45 UTC,,NA
BECCA,2741-54668,2018-11-13,18:11 UTC,,NA
BECCA,2840-12279,2018-11-13,18:12 UTC,,NA
BRIAN,2471-68223,2018-11-13,18:36 UTC,,NA
BRIAN,2741-54668,2018-11-13,18:38 UTC,,NA
BRIAN,2471-68020,2018-11-13,18:40 UTC,,NA
BECCA,2711-54868,2018-11-13,20:33 UTC,,NA
KEVIN,2471-68021,2018-11-13,21:00 UTC,,NA
KEVIN,2840-12359,2018-11-13,21:01 UTC,,NA
KEVIN,2471-68021,2018-11-13,21:04 UTC,,NA
KEVIN,2471-68236,2018-11-13,21:05 UTC,,NA
KEVIN,2471-68236,2018-11-13,21:07 UTC,,NA
KEVIN,2840-12359,2018-11-13,21:08 UTC,,NA
KEVIN,2840-12279,2018-11-13,21:17 UTC,,NA
KEVIN,2840-12279,2018-11-13,21:17 UTC,,NA
KEVIN,2471-68236,2018-11-13,21:18 UTC,,NA
KEVIN,2471-68223,2018-11-13,21:19 UTC,,NA
KEVIN,2840-12359,2018-11-13,21:20 UTC,,NA
KEVIN,2840-12359,2018-11-13,21:23 UTC,,NA
KEVIN,2701-74783,2018-11-13,21:50 UTC,,NA
BRIAN,2471-68223,2018-11-14,11:57 UTC,,NA
BRIAN,2840-12279,2018-11-14,11:58 UTC,,NA
BRIAN,2711-77194,2018-11-14,12:01 UTC,,NA
BRIAN,2701-74783,2018-11-14,12:08 UTC,,NA
KEVIN,2741-54668,2018-11-14,13:09 UTC,,NA
KEVIN,2471-68236,2018-11-14,13:10 UTC,,NA
KEVIN,2471-68236,2018-11-14,13:11 UTC,,NA
KEVIN,2701-39091,2018-11-14,13:20 UTC,,NA
KEVIN,2471-68236,2018-11-14,13:20 UTC,,NA
BRIAN,2471-68236,2018-11-14,13:24 UTC,,NA
KEVIN,2471-68236,2018-11-14,13:42 UTC,,NA
KEVIN,2471-68236,2018-11-14,13:43 UTC,,NA
KEVIN,2471-68236,2018-11-14,15:55 UTC,,NA
KEVIN,2471-68020,2018-11-14,16:29 UTC,,NA
KEVIN,2840-12279,2018-11-14,16:34 UTC,,NA
KEVIN,2840-12279,2018-11-14,16:37 UTC,,NA
KEVIN,2471-68024,2018-11-14,21:50 UTC,,NA
KEVIN,2701-74783,2018-11-14,21:51 UTC,,NA
KEVIN,2471-68236,2018-11-15,12:07 UTC,,NA
KEVIN,2471-68236,2018-11-15,12:16 UTC,,NA
KEVIN,2701-74783,2018-11-15,12:24 UTC,,NA
KEVIN,2471-68236,2018-11-15,12:26 UTC,,NA
KEVIN,2471-68236,2018-11-15,12:34 UTC,,NA
KEVIN,2571-90159,2018-11-15,12:40 UTC,2014!!!!!,NA
BRIAN,2471-68236,2018-11-15,13:29 UTC,,NA
BRIAN,2701-74746,2018-11-15,13:30 UTC,,NA
BRIAN,2471-68277,2018-11-15,13:39 UTC,,NA
BRIAN,2471-68236,2018-11-15,13:41 UTC,,NA
BRIAN,2701-74783,2018-11-15,13:41 UTC,,NA
BRIAN,2471-68236,2018-11-15,14:11 UTC,,NA
DENISSE,2281-69215,2018-11-15,14:20 UTC,,NA
DENISSE,2421-04201,2018-11-15,14:22 UTC,,NA
DENISSE,2471-68236,2018-11-15,14:24 UTC,,NA
DENISSE,2701-74744,2018-11-15,14:27 UTC,,NA
DENISSE,2471-68020,2018-11-15,14:39 UTC,I saw orange over white on the right leg,NA
BRIAN,K_OR,2018-11-15,14:56 UTC,,NA
BRIAN,OW_W,2018-11-15,14:57 UTC,,NA
KEVIN,KB_Y,2018-11-15,14:58 UTC,,NA
BRIAN,2701-74783,2018-11-15,14:59 UTC,,NA
BRIAN,2471-68090,2018-11-15,15:03 UTC,,NA
KEVIN,2471-68090,2018-11-15,15:05 UTC,Female,NA
BRIAN,2471-68026,2018-11-15,15:07 UTC,,NA
BRIAN,2701-74787,2018-11-15,15:08 UTC,,NA
KEVIN,2471-68026,2018-11-15,15:08 UTC,,NA
BRIAN,2471-68095,2018-11-15,15:09 UTC,,NA
BECCA,2471-68095,2018-11-15,15:09 UTC,,NA
KEVIN,2471-68021,2018-11-15,15:13 UTC,,NA
KEVIN,2701-74787,2018-11-15,15:16 UTC,,NA
BRIAN,2471-68236,2018-11-15,15:16 UTC,,NA
KEVIN,2471-68236,2018-11-15,15:16 UTC,,NA
KEVIN,2701-74787,2018-11-15,15:17 UTC,,NA
BRIAN,2471-68236,2018-11-15,15:19 UTC,,NA
BECCA,2471-68236,2018-11-15,15:20 UTC,,NA
BRIAN,2471-68219,2018-11-15,15:22 UTC,,NA
BECCA,2471-68219,2018-11-15,15:22 UTC,,NA
BRIAN,2471-68021,2018-11-15,15:25 UTC,,NA
BRIAN,2701-74746,2018-11-15,15:27 UTC,,NA
BRIAN,2701-39091,2018-11-15,16:56 UTC,,NA
BRIAN,RW_K,2018-11-15,16:57 UTC,,NA
BRIAN,2701-74784,2018-11-15,16:58 UTC,,NA
BRIAN,2701-74725,2018-11-15,17:00 UTC,,NA
BRIAN,2471-68236,2018-11-15,17:01 UTC,,NA
BRIAN,RW_K,2018-11-15,17:02 UTC,,NA
BRIAN,2471-68219,2018-11-15,17:03 UTC,,NA
BRIAN,2701-74781,2018-11-15,17:04 UTC,,NA
BRIAN,2701-74787,2018-11-15,17:05 UTC,,NA
BRIAN,2471-68219,2018-11-15,17:07 UTC,,NA
BRIAN,2701-74746,2018-11-15,17:09 UTC,,NA
BRIAN,KR_P,2018-11-15,17:10 UTC,,NA
BRIAN,YP_B,2018-11-15,17:11 UTC,,NA
BRIAN,KB_Y,2018-11-15,17:12 UTC,,NA
BRIAN,2471-68095,2018-11-15,17:16 UTC,,NA
BRIAN,2471-68219,2018-11-15,17:16 UTC,,NA
BRIAN,YP_B,2018-11-15,17:17 UTC,,NA
BRIAN,2471-68219,2018-11-15,17:17 UTC,,NA
BRIAN,2701-74784,2018-11-15,17:19 UTC,,NA
BRIAN,2471-68026,2018-11-15,17:20 UTC,,NA
BECCA,2471-68219,2018-11-15,17:22 UTC,,NA
BECCA,2471-68026,2018-11-15,17:26 UTC,,NA
BRIAN,2471-68024,2018-11-15,17:27 UTC,,NA
BECCA,2471-68024,2018-11-15,17:29 UTC,,NA
BRIAN,YP_B,2018-11-15,17:33 UTC,,NA
BECCA,OB_R,2018-11-15,17:36 UTC,,NA
BECCA,O_RM,2018-11-15,17:38 UTC,,NA
BRIAN,2701-39091,2018-11-15,18:51 UTC,,NA
BRIAN,2471-68219,2018-11-15,18:51 UTC,,NA
BRIAN,2421-04201,2018-11-15,18:52 UTC,,NA
BRIAN,2471-68219,2018-11-15,18:53 UTC,,NA
BRIAN,YP_B,2018-11-15,18:54 UTC,,NA
BRIAN,2471-68098,2018-11-15,18:58 UTC,,NA
BRIAN,2701-74787,2018-11-15,19:00 UTC,,NA
BRIAN,2471-68021,2018-11-15,19:01 UTC,,NA
BECCA,RW_K,2018-11-15,19:34 UTC,,NA
BECCA,2701-74784,2018-11-15,19:37 UTC,,NA
BRIAN,YP_B,2018-11-15,20:20 UTC,,NA
KEVIN,2701-74787,2018-11-16,11:34 UTC,,NA
KEVIN,2701-74763,2018-11-16,11:40 UTC,,NA
KEVIN,2471-68236,2018-11-16,11:46 UTC,,NA
KEVIN,2651-51900,2018-11-16,11:53 UTC,,NA
KEVIN,2701-39091,2018-11-16,11:54 UTC,M,NA
KEVIN,2421-04201,2018-11-16,11:54 UTC,,NA
KEVIN,2741-54668,2018-11-16,11:56 UTC,,NA
KEVIN,2701-39096,2018-11-16,12:05 UTC,,NA
KEVIN,2741-54668,2018-11-16,12:11 UTC,,NA
KEVIN,2471-68095,2018-11-16,12:16 UTC,,NA
KEVIN,2741-54668,2018-11-16,12:16 UTC,,NA
KEVIN,2471-68024,2018-11-16,12:22 UTC,,NA
KEVIN,KG_Y,2018-11-16,12:23 UTC,,NA
KEVIN,2701-74746,2018-11-16,12:31 UTC,,NA
KEVIN,2701-74763,2018-11-16,12:31 UTC,,NA
KEVIN,2701-74748,2018-11-16,12:34 UTC,,NA
BRIAN,2701-74784,2018-11-16,14:34 UTC,,NA
BRIAN,KG_Y,2018-11-16,14:37 UTC,,NA
KEVIN,2701-74784,2018-11-16,15:18 UTC,,NA
KEVIN,2471-68028,2018-11-16,15:18 UTC,,NA
KEVIN,O_RM,2018-11-16,16:20 UTC,,NA
KEVIN,O_RM,2018-11-16,16:20 UTC,Male,NA
BECCA,2741-54668,2018-11-16,16:30 UTC,,NA
BECCA,2711-77194,2018-11-16,16:33 UTC,,NA
BECCA,RW_K,2018-11-16,16:38 UTC,,NA
KEVIN,KG_Y,2018-11-16,16:39 UTC,,NA
BECCA,KG_Y,2018-11-16,16:39 UTC,,NA
KEVIN,2471-68236,2018-11-16,16:39 UTC,,NA
KEVIN,RW_K,2018-11-16,16:39 UTC,,NA
KEVIN,KG_Y,2018-11-16,16:41 UTC,,NA
KEVIN,2471-68010,2018-11-16,16:46 UTC,,NA
BECCA,KR_P,2018-11-16,17:33 UTC,,NA
BECCA,2741-54668,2018-11-16,17:35 UTC,,NA
BECCA,KR_P,2018-11-16,17:40 UTC,,NA
BECCA,OB_R,2018-11-16,17:41 UTC,,NA
BECCA,R_BR,2018-11-16,17:59 UTC,,NA
KEVIN,R_BR,2018-11-16,17:59 UTC,,NA
KEVIN,M_BK,2018-11-16,18:10 UTC,,NA
KEVIN,R_BR,2018-11-16,18:11 UTC,,NA
KEVIN,2741-54668,2018-11-16,18:12 UTC,,NA
KEVIN,B_GO,2018-11-16,18:15 UTC,,NA
KEVIN,2741-54668,2018-11-16,18:18 UTC,,NA
KEVIN,2701-74784,2018-11-16,18:19 UTC,,NA
KEVIN,B_WO,2018-11-16,18:23 UTC,,NA
KEVIN,2701-74748,2018-11-16,18:23 UTC,,NA
KEVIN,2750-64378,2018-11-16,18:24 UTC,,NA
KEVIN,2701-74795,2018-11-16,18:26 UTC,,NA
KEVIN,O_GG,2018-11-16,18:27 UTC,,NA
KEVIN,KG_Y,2018-11-16,18:29 UTC,,NA
KEVIN,KG_Y,2018-11-16,18:30 UTC,,NA
KEVIN,O_GG,2018-11-16,18:31 UTC,,NA
BECCA,R_BR,2018-11-16,20:02 UTC,,NA
BECCA,O_GG,2018-11-16,20:03 UTC,,NA
BECCA,2471-68028,2018-11-16,20:04 UTC,,NA
BRIAN,O_GG,2018-11-16,20:06 UTC,,NA
BRIAN,R_BR,2018-11-16,20:07 UTC,,NA
TIM,R_BR,2018-11-16,20:07 UTC,,NA
BRIAN,2741-54668,2018-11-16,20:10 UTC,,NA
BRIAN,2471-68095,2018-11-16,20:13 UTC,,NA
BRIAN,2711-77194,2018-10-25,17:14 EDT,this one is real,NA
BRIAN,2741-54677,2018-10-25,17:16 EDT,another real one,NA
BRIAN,2421-04201,2018-10-25,17:22 EDT,observed,NA
BRIAN,2701-74763,2018-10-25,21:50 UTC,looked like orange/white,NA
BRIAN,2701-74746,2018-10-25,22:04 UTC,becca and me,NA
BRIAN,2710-74787,2018-10-25,22:07 UTC,becca and me,NA
BRIAN,2741-54668,2018-10-27,12:33 UTC,,NA
BRIAN,2840-12279,2018-10-27,12:34 UTC,,NA
BRIAN,GG_B,2018-10-27,16:44 UTC,,NA
BRIAN,2840-12279,2018-10-27,17:08 UTC,,NA
BRIAN,2421-04201,2018-10-27,17:12 UTC,,NA
BRIAN,2741-54668,2018-10-27,17:14 UTC,,NA
BRIAN,2471-68236,2018-10-27,17:18 UTC,,NA
BRIAN,2701-74763,2018-10-27,17:40 UTC,,NA
BRIAN,2701-74747,2018-10-27,21:06 UTC,missing green band,NA
BRIAN,2701-74783,2018-10-27,21:07 UTC,,NA
BRIAN,2840-12279,2018-10-27,21:17 UTC,,NA
BRIAN,2741-54668,2018-10-27,21:20 UTC,,NA
BRIAN,2711-77169,2018-10-27,21:29 UTC,,NA
BRIAN,2701-74741,2018-10-27,21:37 UTC,,NA
BRIAN,2710-74787,2018-10-27,21:38 UTC,,NA
BRIAN,2701-74747,2018-10-27,21:47 UTC,,NA
BRIAN,2701-74763,2018-10-27,21:54 UTC,,NA
BRIAN,2701-74746,2018-10-29,13:05 UTC,saw on security desk,NA
BRIAN,2701-74746,2018-10-29,13:06 UTC,"seen now, live",NA
BRIAN,2710-74787,2018-10-29,13:31 UTC,,NA
BRIAN,2741-54677,2018-10-29,14:25 UTC,,NA
BRIAN,2741-54668,2018-10-29,14:32 UTC,,NA
BRIAN,2741-54668,2018-10-29,15:17 UTC,,NA
KEVIN,2741-54677,2018-10-29,15:44 UTC,,NA
KEVIN,2741-54677,2018-10-29,15:45 UTC,,NA
TIM,2710-74787,2018-10-29,16:13 UTC,,NA
TIM,2741-54677,2018-10-29,16:14 UTC,,NA
BRIAN,2840-12359,2018-10-29,16:18 UTC,,NA
BRIAN,2840-12271,2018-10-29,16:22 UTC,,NA
BRIAN,2840-12359,2018-10-29,16:51 UTC,,NA
BRIAN,2750-41551,2018-10-29,18:38 UTC,,NA
BRIAN,2741-54668,2018-10-29,18:39 UTC,,NA
BRIAN,2571-90070,2018-10-29,18:41 UTC,,NA
KEVIN,2840-12360,2018-10-29,20:00 UTC,,NA
BECCA,2741-54668,2018-10-29,20:03 UTC,becca,NA
KEVIN,2711-77169,2018-10-29,20:10 UTC,,NA
BECCA,2711-77169,2018-10-29,20:10 UTC,Becca,NA
BECCA,2701-74763,2018-10-29,20:25 UTC,Becca,NA
KEVIN,2741-54668,2018-10-29,20:27 UTC,,NA
KEVIN,2741-54668,2018-10-29,20:30 UTC,,NA
KEVIN,2711-77169,2018-10-29,20:31 UTC,,NA
KEVIN,2710-74787,2018-10-29,20:32 UTC,,NA
BECCA,2710-74787,2018-10-29,20:33 UTC,becca,NA
KEVIN,2741-54677,2018-10-29,20:35 UTC,,NA
BECCA,2840-12359,2018-10-29,20:42 UTC,becca,NA
BECCA,2741-54677,2018-10-29,20:44 UTC,becca,NA
BRIAN,2701-39096,2018-10-30,12:18 UTC,,NA
BRIAN,2701-74781,2018-10-30,12:22 UTC,,NA
BRIAN,2710-74787,2018-10-30,12:25 UTC,,NA
BRIAN,2710-74787,2018-10-30,12:35 UTC,,NA
BRIAN,2701-74763,2018-10-30,12:40 UTC,,NA
BRIAN,2701-74747,2018-10-30,12:45 UTC,,NA
BRIAN,2741-54668,2018-10-30,12:48 UTC,,NA
BRIAN,2701-74784,2018-10-30,12:54 UTC,,NA
BRIAN,2701-74785,2018-10-30,12:55 UTC,,NA
BRIAN,2840-12279,2018-10-30,12:57 UTC,,NA
BRIAN,2701-74784,2018-10-30,13:27 UTC,,NA
KEVIN,2701-74781,2018-10-30,17:54 UTC,,NA
KEVIN,2471-68085,2018-10-30,18:09 UTC,,NA
KEVIN,2741-54677,2018-10-30,18:16 UTC,,NA
KEVIN,2701-39096,2018-10-30,18:22 UTC,,NA
BRIAN,2471-68011,2018-10-30,19:43 UTC,,NA
BECCA,2471-68011,2018-10-30,19:43 UTC,,NA
BRIAN,2741-54668,2018-10-30,19:47 UTC,,NA
BRIAN,2840-12279,2018-10-30,19:48 UTC,,NA
BECCA,2701-74763,2018-10-30,19:51 UTC,,NA
BRIAN,2701-74763,2018-10-30,19:52 UTC,,NA
BRIAN,2750-64378,2018-10-30,19:52 UTC,,NA
BRIAN,2840-12359,2018-10-30,20:03 UTC,,NA
BRIAN,2840-12279,2018-10-30,20:05 UTC,,NA
KEVIN,2741-54668,2018-10-30,20:07 UTC,,NA
BRIAN,2471-68203,2018-10-30,20:10 UTC,,NA
KEVIN,2741-54668,2018-10-30,20:12 UTC,,NA
KEVIN,2741-54668,2018-10-30,20:20 UTC,,NA
KEVIN,2741-54668,2018-10-30,20:22 UTC,,NA
KEVIN,2741-54668,2018-10-30,20:24 UTC,,NA
BRIAN,2471-68095,2018-10-30,20:26 UTC,,NA
KEVIN,2471-68095,2018-10-30,20:27 UTC,,NA
BRIAN,2471-68011,2018-10-30,20:29 UTC,,NA
KEVIN,2471-68011,2018-10-30,20:29 UTC,,NA
KEVIN,2791-03501,2018-10-30,20:31 UTC,,NA
KEVIN,2791-03501,2018-10-30,20:32 UTC,,NA
BRIAN,2741-54677,2018-10-30,20:33 UTC,,NA
KEVIN,2741-54677,2018-10-30,20:33 UTC,,NA
KEVIN,2711-54868,2018-10-30,20:35 UTC,,NA
BRIAN,2711-77169,2018-10-30,20:38 UTC,,NA
KEVIN,2471-68203,2018-10-30,20:38 UTC,,NA
KEVIN,2711-77169,2018-10-30,20:38 UTC,,NA
BRIAN,2701-74748,2018-10-30,20:39 UTC,,NA
KEVIN,2471-68203,2018-10-30,20:39 UTC,,NA
KEVIN,2701-74763,2018-10-30,20:40 UTC,,NA
KEVIN,2471-68203,2018-10-30,20:41 UTC,,NA
KEVIN,2701-74763,2018-10-30,20:41 UTC,,NA
KEVIN,2701-39091,2018-10-30,20:43 UTC,,NA
BRIAN,2701-39091,2018-10-30,20:45 UTC,,NA
KEVIN,2701-39091,2018-10-30,20:45 UTC,,NA
BRIAN,2471-68095,2018-10-30,20:45 UTC,,NA
KEVIN,2701-39091,2018-10-30,20:46 UTC,Male,NA
KEVIN,2741-54668,2018-10-30,20:46 UTC,,NA
KEVIN,2471-68203,2018-10-30,20:46 UTC,,NA
KEVIN,2741-54668,2018-10-30,20:47 UTC,,NA
KEVIN,2701-39091,2018-10-30,20:49 UTC,,NA
BRIAN,2701-74727,2018-10-30,20:49 UTC,,NA
KEVIN,2741-54668,2018-10-30,20:50 UTC,,NA
BRIAN,2471-68203,2018-10-30,20:51 UTC,,NA
KEVIN,2471-68203,2018-10-30,20:51 UTC,,NA
BRIAN,2710-74745,2018-10-30,20:55 UTC,,NA
KEVIN,2701-74763,2018-10-30,20:58 UTC,,NA
KEVIN,2701-74763,2018-10-30,21:00 UTC,,NA
BRIAN,2710-74787,2018-10-30,21:01 UTC,,NA
KEVIN,2710-74787,2018-10-30,21:01 UTC,,NA
BRIAN,2701-74783,2018-10-30,21:02 UTC,,NA
KEVIN,2701-74763,2018-10-30,21:02 UTC,,NA
KEVIN,2701-74783,2018-10-30,21:02 UTC,,NA
KEVIN,2741-54668,2018-10-30,21:04 UTC,,NA
KEVIN,2741-54668,2018-10-30,21:06 UTC,,NA
KEVIN,2741-54677,2018-10-30,21:06 UTC,,NA
KEVIN,2701-74763,2018-10-30,21:09 UTC,,NA
KEVIN,2741-54668,2018-10-30,21:10 UTC,,NA
KEVIN,2741-54668,2018-10-30,21:11 UTC,,NA
KEVIN,2840-12279,2018-10-30,21:18 UTC,,NA
KEVIN,2741-54677,2018-10-30,21:22 UTC,,NA
KEVIN,2741-54677,2018-10-30,21:23 UTC,,NA
KEVIN,2840-12279,2018-10-30,21:24 UTC,,NA
KEVIN,2840-12279,2018-10-30,21:25 UTC,,NA
KEVIN,2701-74746,2018-10-30,21:25 UTC,,NA
KEVIN,2741-54668,2018-10-30,21:25 UTC,,NA
KEVIN,2701-74746,2018-10-30,21:26 UTC,,NA
KEVIN,2741-54668,2018-10-30,21:26 UTC,,NA
KEVIN,2710-74787,2018-10-30,21:27 UTC,,NA
KEVIN,2741-54668,2018-10-30,21:28 UTC,,NA
KEVIN,2840-12279,2018-10-30,21:33 UTC,,NA
KEVIN,2701-74783,2018-10-30,21:34 UTC,,NA
KEVIN,2711-77184,2018-10-30,21:36 UTC,,NA
KEVIN,2711-77184,2018-10-30,21:37 UTC,,NA
KEVIN,2840-12279,2018-10-30,21:38 UTC,,NA
KEVIN,2701-74783,2018-10-30,21:39 UTC,,NA
KEVIN,2701-39091,2018-10-30,21:41 UTC,,NA
KEVIN,2840-12279,2018-10-30,21:41 UTC,,NA
KEVIN,2711-77184,2018-10-30,21:42 UTC,,NA
KEVIN,2840-12279,2018-10-30,21:43 UTC,,NA
KEVIN,2701-74746,2018-10-30,21:43 UTC,,NA
KEVIN,2471-68236,2018-10-30,21:44 UTC,,NA
KEVIN,2741-54668,2018-10-30,21:45 UTC,,NA
KEVIN,2711-77184,2018-10-30,21:46 UTC,,NA
KEVIN,2741-54677,2018-10-30,21:46 UTC,,NA
KEVIN,2840-12279,2018-10-30,21:47 UTC,,NA
KEVIN,2711-77184,2018-10-30,21:49 UTC,,NA
KEVIN,2840-12279,2018-10-30,21:50 UTC,,NA
KEVIN,2701-74746,2018-10-30,21:51 UTC,,NA
KEVIN,2741-54671,2018-10-30,21:51 UTC,,NA
KEVIN,2741-54671,2018-10-30,21:52 UTC,,NA
KEVIN,2840-12279,2018-10-30,21:53 UTC,,NA
KEVIN,2741-54668,2018-10-30,21:54 UTC,,NA
KEVIN,2741-54668,2018-10-30,21:57 UTC,,NA
KEVIN,2840-12279,2018-10-30,21:58 UTC,,NA
KEVIN,2840-12279,2018-10-30,22:00 UTC,,NA
KEVIN,2741-54668,2018-10-30,22:00 UTC,,NA
KEVIN,2741-54677,2018-10-30,22:00 UTC,,NA
KEVIN,2651-51882,2018-10-30,22:03 UTC,,NA
BRIAN,2701-74746,2018-10-31,19:49 UTC,,NA
BRIAN,KR_P,2018-10-31,19:52 UTC,,NA
BRIAN,2750-41578,2018-10-31,19:55 UTC,,NA
BRIAN,2741-54668,2018-10-31,20:04 UTC,,NA
BRIAN,BW_Y,2018-10-31,20:06 UTC,,NA
BRIAN,2840-12279,2018-10-31,20:12 UTC,,NA
BRIAN,2701-74784,2018-10-31,20:15 UTC,,NA
BRIAN,2701-74746,2018-10-31,20:16 UTC,,NA
BRIAN,2701-74781,2018-10-31,20:16 UTC,,NA
BRIAN,2701-74763,2018-10-31,20:20 UTC,,NA
BRIAN,2701-39091,2018-10-31,20:24 UTC,,NA
KEVIN,2701-74784,2018-10-31,20:47 UTC,,NA
KEVIN,2750-64378,2018-10-31,20:50 UTC,,NA
KEVIN,2750-64378,2018-10-31,20:51 UTC,,NA
KEVIN,2750-64378,2018-10-31,20:52 UTC,,NA
KEVIN,2750-64378,2018-10-31,20:53 UTC,,NA
KEVIN,2750-64378,2018-10-31,20:59 UTC,,NA
KEVIN,2701-74746,2018-10-31,21:00 UTC,,NA
KEVIN,2741-54668,2018-10-31,21:13 UTC,,NA
KEVIN,2711-77194,2018-10-31,21:14 UTC,,NA
KEVIN,2741-54668,2018-10-31,21:28 UTC,,NA
KEVIN,2701-74781,2018-10-31,21:35 UTC,,NA
BRIAN,2421-04201,2018-10-31,22:13 UTC,,NA
KEVIN,2840-12279,2018-11-01,11:46 UTC,,NA
BRIAN,2840-12290,2018-11-01,16:55 UTC,this is fake,NA
KEVIN,2701-39096,2018-11-01,20:46 UTC,deformed left foot,NA
KEVIN,2701-39096,2018-11-01,20:47 UTC,,NA
KEVIN,2710-74787,2018-11-01,20:51 UTC,,NA
BRIAN,2701-74763,2018-11-01,21:21 UTC,,NA
KEVIN,2701-74763,2018-11-01,21:21 UTC,,NA
KEVIN,2701-74763,2018-11-01,21:22 UTC,,NA
KEVIN,2701-74781,2018-11-01,21:28 UTC,,NA
BRIAN,2701-74781,2018-11-01,21:28 UTC,,NA
KEVIN,2701-74783,2018-11-01,21:29 UTC,,NA
BRIAN,2701-74783,2018-11-01,21:29 UTC,,NA
BRIAN,2701-74763,2018-11-01,21:30 UTC,,NA
KEVIN,2701-74763,2018-11-01,21:31 UTC,,NA
KEVIN,2701-74783,2018-11-01,21:32 UTC,,NA
BRIAN,2701-74784,2018-11-01,21:46 UTC,,NA
BRIAN,2701-74747,2018-11-01,21:48 UTC,,NA
BRIAN,2701-39096,2018-11-01,22:03 UTC,,NA
KEVIN,2701-74747,2018-11-02,12:15 UTC,,NA
BRIAN,2750-41551,2018-11-02,12:53 UTC,,NA
BRIAN,2711-77194,2018-11-02,12:55 UTC,,NA
BRIAN,2471-68011,2018-11-02,12:59 UTC,,NA
BRIAN,2711-77194,2018-11-02,13:00 UTC,,NA
KEVIN,2750-64378,2018-11-02,18:16 UTC,,NA
KEVIN,2750-64378,2018-11-02,18:17 UTC,,NA
KEVIN,2750-64378,2018-11-02,18:18 UTC,,NA
KEVIN,2701-74784,2018-11-02,18:31 UTC,,NA
KEVIN,KR_P,2018-11-02,18:48 UTC,,NA
KEVIN,KR_P,2018-11-02,18:51 UTC,,NA
KEVIN,2701-74793,2018-11-02,18:51 UTC,,NA
BRIAN,KR_P,2018-11-02,18:51 UTC,,NA
KEVIN,B_GO,2018-11-02,18:53 UTC,,NA
BRIAN,B_GO,2018-11-02,18:53 UTC,,NA
KEVIN,KR_P,2018-11-02,18:53 UTC,,NA
BRIAN,2741-54668,2018-11-02,19:47 UTC,,NA
BRIAN,2840-12359,2018-11-02,20:29 UTC,,NA
BRIAN,2711-77194,2018-11-02,20:42 UTC,,NA
BRIAN,2840-12359,2018-11-02,20:48 UTC,,NA
BRIAN,2701-74763,2018-11-02,20:55 UTC,,NA
BRIAN,2701-74747,2018-11-02,20:57 UTC,,NA
BRIAN,2750-64378,2018-11-02,21:02 UTC,,NA
BECCA,2701-74781,2018-11-02,21:16 UTC,,NA
BRIAN,2701-74784,2018-11-02,21:49 UTC,,NA
BRIAN,2840-12360,2018-11-02,21:52 UTC,,NA
BRIAN,2651-52161,2018-11-02,21:54 UTC,,NA
BRIAN,2701-74793,2018-11-02,21:57 UTC,,NA
BRIAN,2701-74747,2018-11-02,21:57 UTC,,NA
BRIAN,2701-74746,2018-11-02,22:00 UTC,,NA
KEVIN,2471-68021,2018-11-03,12:18 UTC,it was a quick sighting but i could swear i got blue on the right,NA
BECCA,2471-68010,2018-11-20,20:24 UTC,,NA
BRIAN,2471-68010,2018-11-20,20:24 UTC,,NA
BRIAN,2701-39091,2018-11-20,20:25 UTC,,NA
BECCA,2701-39091,2018-11-20,20:25 UTC,,NA
BRIAN,2471-68011,2018-11-20,20:26 UTC,,NA
BECCA,2471-68011,2018-11-20,20:26 UTC,,NA
BRIAN,2711-77194,2018-11-20,20:27 UTC,,NA
BRIAN,2711-77194,2018-11-21,12:05 UTC,,NA
BRIAN,2701-39091,2018-11-21,12:05 UTC,,NA
BRIAN,2741-54668,2018-11-21,12:07 UTC,,NA
BRIAN,2471-68020,2018-11-21,12:08 UTC,,NA
BRIAN,2701-74787,2018-11-21,12:09 UTC,,NA
BRIAN,2741-54677,2018-11-21,12:10 UTC,,NA
BRIAN,2701-74746,2018-11-21,12:13 UTC,,NA
KEVIN,2741-54685,2018-11-21,12:29 UTC,,NA
KEVIN,O_RM,2018-11-21,13:20 UTC,Male,NA
KEVIN,2471-68020,2018-11-21,13:21 UTC,,NA
BRIAN,2840-12279,2018-11-21,13:47 UTC,,NA
BRIAN,2701-74787,2018-11-21,13:47 UTC,,NA
BRIAN,2701-74781,2018-11-21,13:48 UTC,,NA
BRIAN,2711-77194,2018-11-21,13:49 UTC,,NA
BRIAN,2471-68028,2018-11-21,13:49 UTC,,NA
BRIAN,2701-74787,2018-11-21,13:49 UTC,,NA
BRIAN,2471-68028,2018-11-21,13:50 UTC,,NA
BRIAN,W_OG,2018-11-21,13:52 UTC,,NA
BRIAN,O_GG,2018-11-21,13:59 UTC,,NA
BRIAN,2471-68020,2018-11-21,14:04 UTC,,NA
BRIAN,2741-54668,2018-11-21,14:07 UTC,,NA
BRIAN,2471-68020,2018-11-21,14:08 UTC,,NA
BRIAN,2840-12279,2018-11-21,14:15 UTC,,NA
BOB,2471-68095,2018-11-21,16:19 UTC,,NA
BOB,2471-68024,2018-11-21,16:20 UTC,,NA
BOB,2701-74746,2018-11-21,16:26 UTC,black on left appears a bit stuck high up on tarsus,NA
BOB,2741-54677,2018-11-21,16:30 UTC,,NA
DENISSE,2701-74787,2018-11-21,16:52 UTC,,NA
DENISSE,2741-54668,2018-11-21,16:55 UTC,,NA
DENISSE,2471-68011,2018-11-21,17:00 UTC,,NA
BECCA,2471-68011,2018-11-21,17:01 UTC,,NA
BECCA,2471-68095,2018-11-21,17:06 UTC,,NA
BECCA,OB_R,2018-11-21,17:08 UTC,,NA
BECCA,2701-74748,2018-11-21,17:16 UTC,,NA
BECCA,2701-39091,2018-11-21,17:18 UTC,,NA
BECCA,WM_M,2018-11-21,17:19 UTC,,NA
BOB,W_OG,2018-11-21,17:29 UTC,band combos for some species too similar. identical bands/configurations used on same leg in many cases. very often observer can only view one leg. ,NA
BOB,2750-64378,2018-11-21,17:32 UTC,mix up the colors/configuration more on same legs across individuals of same species.,NA
BOB,2471-68028,2018-11-21,17:33 UTC,,NA
BOB,2471-68219,2018-11-21,17:36 UTC,listed as unknown sex; definitely as male,NA
BOB,2701-74787,2018-11-21,17:40 UTC,,NA
BOB,2471-68025,2018-11-21,17:41 UTC,,NA
BRIAN,2471-68025,2018-11-21,12:43 EST,,NA
BRIAN,2840-12279,2018-11-21,12:43 EST,,NA
BRIAN,2471-68011,2018-11-21,13:07 EST,,NA
BRIAN,2471-68028,2018-11-21,13:10 EST,,NA
BRIAN,2701-74784,2018-11-21,13:10 EST,,NA
BRIAN,2471-68010,2018-11-21,13:13 EST,,NA
BRIAN,2711-77194,2018-11-21,13:14 EST,,NA
BRIAN,2701-74781,2018-11-21,13:16 EST,,NA
BECCA,2701-74781,2018-11-21,18:17 UTC,,NA
BRIAN,2840-12279,2018-11-21,13:23 EST,,BRIAN_2018-11-21 13:22:19
BRIAN,2701-74781,2018-11-21,18:33 UTC,,BRIAN_2018-11-21 18:33:21
BRIAN,2711-54868,2018-11-21,18:59 UTC,,BRIAN_2018-11-21 18:58:51
BRIAN,2471-68203,2018-11-21,19:06 UTC,,BRIAN_2018-11-21 18:58:51
BRIAN,2741-54668,2018-11-21,19:09 UTC,,BRIAN_2018-11-21 18:58:51
BRIAN,2701-74748,2018-11-21,19:10 UTC,,BRIAN_2018-11-21 18:58:51
BRIAN,2701-74793,2018-11-21,19:12 UTC,,BRIAN_2018-11-21 18:58:51
BRIAN,2471-68028,2018-11-21,19:15 UTC,,BRIAN_2018-11-21 18:58:51
BRIAN,R_BR,2018-11-21,19:16 UTC,,BRIAN_2018-11-21 18:58:51
BRIAN,M_BK,2018-11-21,19:17 UTC,,BRIAN_2018-11-21 18:58:51
BRIAN,2701-74793,2018-11-21,19:21 UTC,,BRIAN_2018-11-21 18:58:51
BRIAN,2471-68024,2018-11-21,19:21 UTC,,BRIAN_2018-11-21 18:58:51
BRIAN,2701-74745,2018-11-21,19:27 UTC,,BRIAN_2018-11-21 18:58:51
BRIAN,2701-74781,2018-11-21,19:29 UTC,,BRIAN_2018-11-21 18:58:51
BRIAN,WM_M,2018-11-21,19:31 UTC,,BRIAN_2018-11-21 18:58:51
BRIAN,2701-74787,2018-11-21,19:35 UTC,,BRIAN_2018-11-21 18:58:51
BRIAN,2701-74787,2018-11-21,19:39 UTC,,BRIAN_2018-11-21 18:58:51
BRIAN,2471-68024,2018-11-21,19:45 UTC,,BRIAN_2018-11-21 18:58:51
BRIAN,2701-74747,2018-11-21,21:23 UTC,,BRIAN_2018-11-21 21:23:26
TEST,2741-54668,2018-11-22,11:53 UTC,,TEST_2018-11-22 11:53:25
KEVIN,2471-68028,2018-11-22,11:59 UTC,,KEVIN_2018-11-22 11:54:10
KEVIN,2711-77194,2018-11-22,12:00 UTC,,KEVIN_2018-11-22 11:54:10
KEVIN,2471-68010,2018-11-22,12:01 UTC,,KEVIN_2018-11-22 11:54:10
KEVIN,2701-74787,2018-11-22,12:43 UTC,,KEVIN_2018-11-22 12:40:44
KEVIN,2701-39091,2018-11-22,12:44 UTC,,KEVIN_2018-11-22 12:40:44
KEVIN,2701-74763,2018-11-23,12:31 UTC,,KEVIN_2018-11-23 12:29:06
KEVIN,O_GG,2018-11-23,13:00 UTC,,KEVIN_2018-11-23 13:00:32
KEVIN,2701-74787,2018-11-23,13:03 UTC,,KEVIN_2018-11-23 13:00:32
KEVIN,WK_O,2018-11-23,13:04 UTC,,KEVIN_2018-11-23 13:00:32
KEVIN,2701-74787,2018-11-24,12:20 UTC,,KEVIN_2018-11-24 12:18:23
KEVIN,2840-12279,2018-11-24,12:23 UTC,,KEVIN_2018-11-24 12:18:23
KEVIN,2701-39091,2018-11-24,12:24 UTC,,KEVIN_2018-11-24 12:18:23
KEVIN,2840-12279,2018-11-24,12:25 UTC,,KEVIN_2018-11-24 12:18:23
KEVIN,2840-12279,2018-11-24,12:36 UTC,,KEVIN_2018-11-24 12:18:23
KEVIN,2701-74781,2018-11-24,12:37 UTC,,KEVIN_2018-11-24 12:18:23
KEVIN,2741-54677,2018-11-24,12:42 UTC,,KEVIN_2018-11-24 12:18:23
KEVIN,2840-12279,2018-11-24,12:43 UTC,,KEVIN_2018-11-24 12:18:23
KEVIN,2701-74781,2018-11-24,12:46 UTC,,KEVIN_2018-11-24 12:18:23
KEVIN,2701-74781,2018-11-24,12:54 UTC,,KEVIN_2018-11-24 12:18:23
BRIAN,2701-74714,2018-11-24,14:00 UTC,,BRIAN_2018-11-24 14:00:03
BRIAN,KR_P,2018-11-24,15:36 UTC,,BRIAN_2018-11-24 15:35:32
BRIAN,B_WO,2018-11-24,15:36 UTC,,BRIAN_2018-11-24 15:35:32
BRIAN,2471-68219,2018-11-24,15:40 UTC,,BRIAN_2018-11-24 15:35:32
BRIAN,2701-74787,2018-11-24,15:43 UTC,,BRIAN_2018-11-24 15:35:32
BRIAN,2471-68236,2018-11-24,15:47 UTC,,BRIAN_2018-11-24 15:35:32
BRIAN,YP_B,2018-11-24,15:50 UTC,,BRIAN_2018-11-24 15:35:32
BRIAN,2711-77194,2018-11-24,15:54 UTC,,BRIAN_2018-11-24 15:35:32
BRIAN,KR_P,2018-11-24,15:54 UTC,,BRIAN_2018-11-24 15:35:32
BRIAN,2701-74746,2018-11-24,15:57 UTC,,BRIAN_2018-11-24 15:35:32
BRIAN,B_WO,2018-11-24,15:57 UTC,,BRIAN_2018-11-24 15:35:32
BRIAN,2701-74746,2018-11-24,15:58 UTC,,BRIAN_2018-11-24 15:35:32
BRIAN,2701-74783,2018-11-24,15:59 UTC,,BRIAN_2018-11-24 15:35:32
BRIAN,2840-12279,2018-11-24,16:35 UTC,,BRIAN_2018-11-24 16:30:18
BRIAN,2701-74747,2018-11-24,16:36 UTC,,BRIAN_2018-11-24 16:30:18
BRIAN,YP_B,2018-11-24,16:37 UTC,,BRIAN_2018-11-24 16:30:18
BRIAN,2471-68025,2018-11-24,16:39 UTC,,BRIAN_2018-11-24 16:30:18
BRIAN,2471-68020,2018-11-24,16:43 UTC,,BRIAN_2018-11-24 16:30:18
KEVIN,O_GG,2018-11-25,12:50 UTC,,KEVIN_2018-11-25 12:44:35
KEVIN,2711-77194,2018-11-25,12:51 UTC,,KEVIN_2018-11-25 12:44:35
KEVIN,2471-68203,2018-11-25,12:52 UTC,,KEVIN_2018-11-25 12:44:35
KEVIN,2471-68031,2018-11-25,12:54 UTC,,KEVIN_2018-11-25 12:44:35
KEVIN,2471-68025,2018-11-25,12:54 UTC,,KEVIN_2018-11-25 12:44:35
KEVIN,2471-68085,2018-11-25,12:54 UTC,,KEVIN_2018-11-25 12:44:35
KEVIN,2471-68219,2018-11-25,14:31 UTC,Male,KEVIN_2018-11-25 14:29:50
KEVIN,2840-12279,2018-11-25,14:31 UTC,,KEVIN_2018-11-25 14:29:50
KEVIN,2471-68028,2018-11-25,14:32 UTC,,KEVIN_2018-11-25 14:29:50
KEVIN,2701-74746,2018-11-25,14:32 UTC,,KEVIN_2018-11-25 14:29:50
KEVIN,2711-77169,2018-11-25,14:35 UTC,,KEVIN_2018-11-25 14:29:50
KEVIN,2701-74784,2018-11-25,15:50 UTC,,KEVIN_2018-11-25 15:49:43
KEVIN,2471-68227,2018-11-25,15:51 UTC,,KEVIN_2018-11-25 15:49:43
KEVIN,2471-68219,2018-11-25,15:52 UTC,,KEVIN_2018-11-25 15:49:43
KEVIN,2701-74782,2018-11-25,15:54 UTC,,KEVIN_2018-11-25 15:49:43
BRIAN,2701-74784,2018-11-25,18:59 UTC,,BRIAN_2018-11-25 18:58:28
BRIAN,2741-54668,2018-11-25,19:01 UTC,,BRIAN_2018-11-25 18:58:28
BRIAN,2741-54677,2018-11-25,19:02 UTC,,BRIAN_2018-11-25 18:58:28
BRIAN,2840-12279,2018-11-25,19:03 UTC,,BRIAN_2018-11-25 18:58:28
BRIAN,2701-74747,2018-11-25,19:03 UTC,,BRIAN_2018-11-25 18:58:28
BRIAN,KR_P,2018-11-25,19:05 UTC,,BRIAN_2018-11-25 18:58:28
BRIAN,2471-68219,2018-11-25,19:06 UTC,,BRIAN_2018-11-25 18:58:28
BRIAN,2750-41551,2018-11-25,19:07 UTC,,BRIAN_2018-11-25 18:58:28
BRIAN,2701-74781,2018-11-25,19:08 UTC,,BRIAN_2018-11-25 18:58:28
BRIAN,2471-68020,2018-11-25,19:09 UTC,,BRIAN_2018-11-25 18:58:28
BRIAN,2750-64378,2018-11-25,19:11 UTC,,BRIAN_2018-11-25 18:58:28
BRIAN,2471-68028,2018-11-25,19:13 UTC,,BRIAN_2018-11-25 18:58:28
KEVIN,2471-68020,2018-11-26,12:45 UTC,,KEVIN_2018-11-26 12:45:11
KEVIN,2840-12279,2018-11-26,12:45 UTC,,KEVIN_2018-11-26 12:45:11
KEVIN,2840-12279,2018-11-26,12:47 UTC,,KEVIN_2018-11-26 12:45:11
KEVIN,2471-68020,2018-11-26,12:47 UTC,,KEVIN_2018-11-26 12:45:11
KEVIN,2711-77194,2018-11-26,12:47 UTC,,KEVIN_2018-11-26 12:45:11
KEVIN,2471-68085,2018-11-26,12:48 UTC,,KEVIN_2018-11-26 12:45:11
KEVIN,2701-74781,2018-11-26,12:49 UTC,,KEVIN_2018-11-26 12:45:11
KEVIN,2471-68020,2018-11-26,12:51 UTC,,KEVIN_2018-11-26 12:45:11
KEVIN,2471-68020,2018-11-26,12:53 UTC,,KEVIN_2018-11-26 12:45:11
KEVIN,2471-68020,2018-11-26,12:54 UTC,,KEVIN_2018-11-26 12:45:11
KEVIN,2471-68020,2018-11-26,12:58 UTC,,KEVIN_2018-11-26 12:45:11
KEVIN,2711-54868,2018-11-26,13:01 UTC,,KEVIN_2018-11-26 12:45:11
KEVIN,2840-12295,2018-11-26,13:02 UTC,,KEVIN_2018-11-26 12:45:11
KEVIN,2471-68203,2018-11-26,13:03 UTC,,KEVIN_2018-11-26 12:45:11
KEVIN,2471-68203,2018-11-26,13:03 UTC,,KEVIN_2018-11-26 12:45:11
KEVIN,2711-54868,2018-11-26,13:04 UTC,,KEVIN_2018-11-26 12:45:11
KEVIN,2471-68085,2018-11-26,13:04 UTC,,KEVIN_2018-11-26 12:45:11
KEVIN,2711-77194,2018-11-26,13:04 UTC,,KEVIN_2018-11-26 12:45:11
KEVIN,2471-68015,2018-11-26,13:05 UTC,,KEVIN_2018-11-26 12:45:11
KEVIN,2701-74782,2018-11-26,13:06 UTC,,KEVIN_2018-11-26 12:45:11
KEVIN,2711-77194,2018-11-26,13:06 UTC,,KEVIN_2018-11-26 12:45:11
KEVIN,2471-68203,2018-11-26,13:07 UTC,,KEVIN_2018-11-26 12:45:11
KEVIN,2750-64378,2018-11-26,13:07 UTC,,KEVIN_2018-11-26 12:45:11
KEVIN,2471-68025,2018-11-26,13:08 UTC,,KEVIN_2018-11-26 12:45:11
KEVIN,2471-68085,2018-11-26,13:09 UTC,,KEVIN_2018-11-26 12:45:11
KEVIN,2840-12279,2018-11-26,13:10 UTC,,KEVIN_2018-11-26 12:45:11
KEVIN,2711-77194,2018-11-26,13:24 UTC,,KEVIN_2018-11-26 12:45:11
KEVIN,2471-68025,2018-11-26,13:24 UTC,,KEVIN_2018-11-26 12:45:11
KEVIN,2701-74793,2018-11-26,13:25 UTC,,KEVIN_2018-11-26 12:45:11
KEVIN,2741-54668,2018-11-26,13:28 UTC,,KEVIN_2018-11-26 12:45:11
KEVIN,2701-74793,2018-11-26,13:28 UTC,,KEVIN_2018-11-26 12:45:11
BRIAN,2471-68203,2018-11-26,14:02 UTC,,BRIAN_2018-11-26 14:01:33
BRIAN,2711-54868,2018-11-26,14:03 UTC,,BRIAN_2018-11-26 14:01:33
BRIAN,2471-68025,2018-11-26,14:04 UTC,,BRIAN_2018-11-26 14:01:33
BRIAN,2701-74763,2018-11-26,14:05 UTC,,BRIAN_2018-11-26 14:01:33
BRIAN,2701-74748,2018-11-26,14:07 UTC,,BRIAN_2018-11-26 14:01:33
BRIAN,2701-74747,2018-11-26,14:08 UTC,,BRIAN_2018-11-26 14:01:33
BRIAN,2741-54677,2018-11-26,14:10 UTC,,BRIAN_2018-11-26 14:01:33
BRIAN,2471-68020,2018-11-26,14:13 UTC,,BRIAN_2018-11-26 14:01:33
BRIAN,2701-74787,2018-11-26,14:13 UTC,,BRIAN_2018-11-26 14:01:33
BRIAN,2471-68011,2018-11-26,14:14 UTC,,BRIAN_2018-11-26 14:01:33
BRIAN,2471-68095,2018-11-26,14:15 UTC,,BRIAN_2018-11-26 14:01:33
BRIAN,2741-54668,2018-11-26,14:15 UTC,,BRIAN_2018-11-26 14:01:33
BRIAN,2701-74787,2018-11-26,14:16 UTC,,BRIAN_2018-11-26 14:01:33
BRIAN,2471-68020,2018-11-26,14:18 UTC,,BRIAN_2018-11-26 14:01:33
BRIAN,2701-74782,2018-11-26,14:19 UTC,,BRIAN_2018-11-26 14:01:33
BRIAN,2471-68024,2018-11-26,14:25 UTC,,BRIAN_2018-11-26 14:01:33
BRIAN,2701-74784,2018-11-26,14:44 UTC,,BRIAN_2018-11-26 14:43:56
BRIAN,2471-68030,2018-11-26,14:44 UTC,,BRIAN_2018-11-26 14:43:56
BECCA,2840-12279,2018-11-26,15:14 UTC,,BECCA_2018-11-26 15:13:40
BRIAN,2471-68219,2018-11-26,15:18 UTC,,BRIAN_2018-11-26 15:18:24
BECCA,2471-68219,2018-11-26,15:19 UTC,,BECCA_2018-11-26 15:13:40
BRIAN,2840-12279,2018-11-26,15:19 UTC,,BRIAN_2018-11-26 15:18:24
BECCA,2701-74782,2018-11-26,15:51 UTC,,BECCA_2018-11-26 15:49:46
BECCA,2471-68227,2018-11-26,15:53 UTC,,BECCA_2018-11-26 15:49:46
BECCA,KR_P,2018-11-26,15:54 UTC,,BECCA_2018-11-26 15:49:46
BECCA,2471-68020,2018-11-26,15:55 UTC,,BECCA_2018-11-26 15:49:46
BECCA,2701-74745,2018-11-26,15:56 UTC,,BECCA_2018-11-26 15:49:46
BECCA,B_GO,2018-11-26,16:01 UTC,,BECCA_2018-11-26 15:49:46
BECCA,2471-68026,2018-11-26,16:01 UTC,,BECCA_2018-11-26 15:49:46
BRIAN,2701-74782,2018-11-26,16:45 UTC,,BRIAN_2018-11-26 16:44:45
BRIAN,B_GO,2018-11-26,17:06 UTC,,BRIAN_2018-11-26 17:06:19
KEVIN,2471-68028,2018-11-26,17:59 UTC,,KEVIN_2018-11-26 17:59:32
KEVIN,2471-68028,2018-11-26,18:00 UTC,,KEVIN_2018-11-26 17:59:32
KEVIN,2840-12279,2018-11-26,18:07 UTC,,KEVIN_2018-11-26 17:59:32
KEVIN,2471-68236,2018-11-26,19:32 UTC,,KEVIN_2018-11-26 19:30:41
KEVIN,2471-68026,2018-11-26,20:37 UTC,,KEVIN_2018-11-26 20:37:18
BECCA,2711-77169,2018-11-26,20:46 UTC,,BECCA_2018-11-26 20:43:25
KEVIN,2701-39091,2018-11-26,20:47 UTC,,KEVIN_2018-11-26 20:45:00
BECCA,2701-39091,2018-11-26,20:51 UTC,,BECCA_2018-11-26 20:43:25
KEVIN,WM_M,2018-11-27,12:47 UTC,,KEVIN_2018-11-27 12:39:49
KEVIN,W_OG,2018-11-27,12:47 UTC,,KEVIN_2018-11-27 12:39:49
KEVIN,2471-68020,2018-11-27,13:11 UTC,,KEVIN_2018-11-27 13:03:55
BRIAN,2471-68020,2018-11-27,13:11 UTC,,BRIAN_2018-11-27 13:10:02
BRIAN,2701-74747,2018-11-27,13:18 UTC,,BRIAN_2018-11-27 13:10:02
BRIAN,2701-74782,2018-11-27,13:23 UTC,,BRIAN_2018-11-27 13:10:02
BECCA,2471-68219,2018-11-27,14:54 UTC,,BECCA_2018-11-27 14:53:41
KEVIN,2471-68219,2018-11-27,14:55 UTC,Male,KEVIN_2018-11-27 14:54:28
BECCA,2701-74783,2018-11-27,14:58 UTC,,BECCA_2018-11-27 14:53:41
BECCA,2471-68020,2018-11-27,15:11 UTC,,BECCA_2018-11-27 14:53:41
BECCA,2701-74782,2018-11-27,15:14 UTC,,BECCA_2018-11-27 14:53:41
KEVIN,2471-68020,2018-11-27,15:43 UTC,,KEVIN_2018-11-27 15:36:09
KEVIN,2471-68028,2018-11-27,16:20 UTC,,KEVIN_2018-11-27 16:19:08
KEVIN,2471-68020,2018-11-27,16:25 UTC,,KEVIN_2018-11-27 16:19:08
KEVIN,2421-11615,2018-11-27,16:36 UTC,,KEVIN_2018-11-27 16:19:08
BECCA,2421-11615,2018-11-27,16:37 UTC,,BECCA_2018-11-27 16:33:06
KEVIN,2471-68028,2018-11-27,17:01 UTC,,KEVIN_2018-11-27 17:00:04
KEVIN,2471-68020,2018-11-27,17:10 UTC,,KEVIN_2018-11-27 17:00:04
KEVIN,2471-68020,2018-11-27,17:10 UTC,,KEVIN_2018-11-27 17:00:04
KEVIN,2471-68020,2018-11-27,17:11 UTC,,KEVIN_2018-11-27 17:00:04
KEVIN,2471-68020,2018-11-27,17:13 UTC,,KEVIN_2018-11-27 17:00:04
BRIAN,2471-68236,2018-11-27,17:14 UTC,,BRIAN_2018-11-27 17:13:19
KEVIN,2471-68028,2018-11-27,17:23 UTC,,KEVIN_2018-11-27 17:00:04
KEVIN,2471-68236,2018-11-27,17:24 UTC,,KEVIN_2018-11-27 17:00:04
KEVIN,2701-74747,2018-11-27,17:27 UTC,,KEVIN_2018-11-27 17:00:04
BRIAN,2471-68026,2018-11-27,17:30 UTC,,BRIAN_2018-11-27 17:29:50
BRIAN,2701-74793,2018-11-27,17:31 UTC,,BRIAN_2018-11-27 17:29:50
BRIAN,2471-68024,2018-11-27,17:32 UTC,,BRIAN_2018-11-27 17:29:50
BRIAN,2471-68028,2018-11-27,17:34 UTC,,BRIAN_2018-11-27 17:29:50
BRIAN,2701-74748,2018-11-27,17:37 UTC,,BRIAN_2018-11-27 17:29:50
BRIAN,2471-68020,2018-11-27,17:37 UTC,,BRIAN_2018-11-27 17:29:50
KEVIN,2471-68020,2018-11-27,17:39 UTC,,KEVIN_2018-11-27 17:00:04
BECCA,KR_P,2018-11-27,18:21 UTC,,BECCA_2018-11-27 18:17:21
BECCA,-_PY,2018-11-27,18:22 UTC,,BECCA_2018-11-27 18:17:21
KEVIN,2471-68028,2018-11-27,19:01 UTC,,KEVIN_2018-11-27 19:00:22
KEVIN,2471-68020,2018-11-28,13:41 UTC,,KEVIN_2018-11-28 13:38:20
BECCA,2701-74784,2018-11-28,16:04 UTC,,BECCA_2018-11-28 16:04:04
BECCA,2471-68024,2018-11-28,16:08 UTC,,BECCA_2018-11-28 16:04:04
KEVIN,2471-68020,2018-11-28,19:14 UTC,,KEVIN_2018-11-28 19:13:47
KEVIN,2471-68026,2018-11-28,19:15 UTC,,KEVIN_2018-11-28 19:13:47
KEVIN,2701-74745,2018-11-28,19:16 UTC,,KEVIN_2018-11-28 19:13:47
KEVIN,2840-12279,2018-11-28,19:16 UTC,,KEVIN_2018-11-28 19:13:47
BECCA,2471-68236,2018-11-28,20:58 UTC,,BECCA_2018-11-28 20:57:23
BECCA,2471-68020,2018-11-28,20:58 UTC,,BECCA_2018-11-28 20:57:23
BECCA,2471-68028,2018-11-28,20:59 UTC,,BECCA_2018-11-28 20:57:23
BECCA,2840-12279,2018-11-28,21:00 UTC,,BECCA_2018-11-28 20:57:23
KEVIN,2701-74787,2018-11-29,12:59 UTC,,KEVIN_2018-11-29 12:56:29
KEVIN,2471-68025,2018-11-29,13:02 UTC,,KEVIN_2018-11-29 12:56:29
KEVIN,O_GG,2018-11-29,13:03 UTC,,KEVIN_2018-11-29 12:56:29
KEVIN,2701-39091,2018-11-29,13:12 UTC,Male,KEVIN_2018-11-29 12:56:29
BRIAN,2471-68028,2018-11-29,13:18 UTC,,BRIAN_2018-11-29 13:18:05
BRIAN,2701-74746,2018-11-29,13:20 UTC,,BRIAN_2018-11-29 13:18:05
BRIAN,2471-68028,2018-11-29,13:21 UTC,,BRIAN_2018-11-29 13:18:05
KEVIN,2471-68028,2018-11-29,13:23 UTC,,KEVIN_2018-11-29 12:56:29
KEVIN,2701-74781,2018-11-29,13:27 UTC,,KEVIN_2018-11-29 12:56:29
KEVIN,2791-03501,2018-11-29,13:29 UTC,,KEVIN_2018-11-29 12:56:29
KEVIN,2711-77194,2018-11-29,13:29 UTC,,KEVIN_2018-11-29 12:56:29
ESTHER,WO_Y,2018-11-29,15:13 UTC,,ESTHER_2018-11-29 15:04:36
ESTHER,2471-68227,2018-11-29,15:14 UTC,,ESTHER_2018-11-29 15:04:36
ESTHER,2471-68024,2018-11-29,15:18 UTC,,ESTHER_2018-11-29 15:14:47
ESTHER,2471-68020,2018-11-29,15:22 UTC,,ESTHER_2018-11-29 15:14:47
ESTHER,2711-77194,2018-11-29,15:25 UTC,,ESTHER_2018-11-29 15:14:47
ESTHER,-_PY,2018-11-29,15:28 UTC,,ESTHER_2018-11-29 15:14:47
BECCA,2471-68024,2018-11-29,15:29 UTC,,BECCA_2018-11-29 15:28:45
BECCA,-_PY,2018-11-29,15:29 UTC,,BECCA_2018-11-29 15:28:45
BECCA,2471-68020,2018-11-29,15:33 UTC,,BECCA_2018-11-29 15:28:45
ESTHER,2701-74783,2018-11-29,16:49 UTC,,ESTHER_2018-11-29 16:46:29
BECCA,2711-77169,2018-11-29,17:41 UTC,,BECCA_2018-11-29 17:41:04
BECCA,2471-68028,2018-11-29,17:43 UTC,,BECCA_2018-11-29 17:41:04
BECCA,2471-68259,2018-11-29,17:45 UTC,,BECCA_2018-11-29 17:41:04
BECCA,2741-54668,2018-11-29,17:46 UTC,,BECCA_2018-11-29 17:41:04
BECCA,2471-68020,2018-11-29,17:47 UTC,,BECCA_2018-11-29 17:41:04
BECCA,2701-74787,2018-11-29,17:47 UTC,,BECCA_2018-11-29 17:41:04
BECCA,O_GG,2018-11-29,17:49 UTC,,BECCA_2018-11-29 17:41:04
BECCA,2471-68095,2018-11-29,17:50 UTC,,BECCA_2018-11-29 17:41:04
BECCA,B_GO,2018-11-29,17:52 UTC,,BECCA_2018-11-29 17:41:04
KEVIN,2471-68020,2018-11-29,18:30 UTC,,KEVIN_2018-11-29 18:25:28
KEVIN,2471-68020,2018-11-29,18:49 UTC,,KEVIN_2018-11-29 18:25:28
KEVIN,2711-77194,2018-11-29,19:06 UTC,,KEVIN_2018-11-29 19:06:06
KEVIN,2471-68020,2018-11-29,19:06 UTC,,KEVIN_2018-11-29 19:06:06
KEVIN,2471-68028,2018-11-29,19:06 UTC,,KEVIN_2018-11-29 19:06:06
KEVIN,WO_Y,2018-11-29,19:07 UTC,,KEVIN_2018-11-29 19:06:06
KEVIN,2471-68020,2018-11-29,19:08 UTC,,KEVIN_2018-11-29 19:06:06
KEVIN,2471-68025,2018-11-29,19:10 UTC,,KEVIN_2018-11-29 19:06:06
KEVIN,2701-74784,2018-11-29,19:11 UTC,,KEVIN_2018-11-29 19:06:06
KEVIN,2701-74793,2018-11-29,19:13 UTC,,KEVIN_2018-11-29 19:06:06
KEVIN,2711-77169,2018-11-29,19:14 UTC,,KEVIN_2018-11-29 19:06:06
KEVIN,2840-12279,2018-11-29,19:14 UTC,,KEVIN_2018-11-29 19:06:06
ESTHER,2701-74793,2018-11-29,19:15 UTC,,ESTHER_2018-11-29 19:14:30
ESTHER,2471-68203,2018-11-29,19:15 UTC,,ESTHER_2018-11-29 19:14:30
KEVIN,2471-68203,2018-11-29,19:15 UTC,,KEVIN_2018-11-29 19:06:06
KEVIN,2741-54668,2018-11-29,19:16 UTC,,KEVIN_2018-11-29 19:06:06
KEVIN,2571-90159,2018-11-29,19:16 UTC,,KEVIN_2018-11-29 19:06:06
KEVIN,2701-74778,2018-11-29,19:18 UTC,Male,KEVIN_2018-11-29 19:06:06
ESTHER,2701-74781,2018-11-29,19:22 UTC,,ESTHER_2018-11-29 19:14:30
KEVIN,2701-74781,2018-11-29,19:22 UTC,,KEVIN_2018-11-29 19:06:06
KEVIN,2701-74783,2018-11-29,19:22 UTC,,KEVIN_2018-11-29 19:06:06
KEVIN,B_GO,2018-11-29,19:23 UTC,,KEVIN_2018-11-29 19:06:06
BECCA,2471-68227,2018-11-29,19:54 UTC,,BECCA_2018-11-29 19:53:09
BECCA,2471-68223,2018-11-29,20:10 UTC,,BECCA_2018-11-29 19:53:09
BECCA,2711-77194,2018-11-29,20:11 UTC,,BECCA_2018-11-29 19:53:09
BECCA,2701-39091,2018-11-29,20:12 UTC,,BECCA_2018-11-29 19:53:09
BECCA,2701-74781,2018-11-29,20:15 UTC,,BECCA_2018-11-29 19:53:09
BECCA,2471-68219,2018-11-29,20:16 UTC,,BECCA_2018-11-29 19:53:09
BECCA,2711-54868,2018-11-29,20:17 UTC,,BECCA_2018-11-29 19:53:09
KEVIN,2701-74787,2018-11-30,12:25 UTC,,KEVIN_2018-11-30 12:24:43
KEVIN,2471-68015,2018-11-30,12:27 UTC,,KEVIN_2018-11-30 12:24:43
KEVIN,2840-12279,2018-11-30,12:39 UTC,,KEVIN_2018-11-30 12:24:43
KEVIN,2711-77194,2018-11-30,12:40 UTC,,KEVIN_2018-11-30 12:24:43
KEVIN,2701-74746,2018-11-30,12:43 UTC,,KEVIN_2018-11-30 12:24:43
KEVIN,2471-68020,2018-11-30,12:48 UTC,,KEVIN_2018-11-30 12:24:43
BRIAN,2471-68219,2018-11-30,13:31 UTC,,BRIAN_2018-11-30 13:31:40
BRIAN,2471-68010,2018-11-30,13:32 UTC,,BRIAN_2018-11-30 13:31:40
BECCA,2471-68219,2018-11-30,13:34 UTC,,BECCA_2018-11-30 13:34:13
BRIAN,2701-74782,2018-11-30,13:34 UTC,,BRIAN_2018-11-30 13:31:40
BECCA,2701-74787,2018-11-30,13:35 UTC,,BECCA_2018-11-30 13:34:13
BECCA,2471-68010,2018-11-30,13:36 UTC,,BECCA_2018-11-30 13:34:13
BECCA,2701-74745,2018-11-30,13:41 UTC,,BECCA_2018-11-30 13:34:13
BECCA,2840-12279,2018-11-30,13:45 UTC,,BECCA_2018-11-30 13:34:13
BECCA,2471-68011,2018-11-30,13:46 UTC,,BECCA_2018-11-30 13:34:13
BECCA,O_GG,2018-11-30,13:48 UTC,,BECCA_2018-11-30 13:34:13
BECCA,2471-68219,2018-11-30,14:36 UTC,,BECCA_2018-11-30 14:35:37
BECCA,W_-,2018-11-30,14:36 UTC,,BECCA_2018-11-30 14:35:37
BECCA,WM_M,2018-11-30,14:37 UTC,,BECCA_2018-11-30 14:35:37
BECCA,2471-68025,2018-11-30,14:38 UTC,,BECCA_2018-11-30 14:35:37
BECCA,2701-74745,2018-11-30,14:41 UTC,,BECCA_2018-11-30 14:35:37
BECCA,2701-74747,2018-11-30,14:41 UTC,,BECCA_2018-11-30 14:35:37
BECCA,1793-94807,2018-11-30,14:44 UTC,,BECCA_2018-11-30 14:35:37
BECCA,W_OG,2018-11-30,14:45 UTC,,BECCA_2018-11-30 14:35:37
BECCA,2421-04201,2018-11-30,14:46 UTC,,BECCA_2018-11-30 14:35:37
BRIAN,2471-68025,2018-11-30,14:56 UTC,,BRIAN_2018-11-30 14:50:20
BRIAN,2421-04201,2018-11-30,14:57 UTC,,BRIAN_2018-11-30 14:50:20
BRIAN,2701-74788,2018-11-30,14:58 UTC,,BRIAN_2018-11-30 14:50:20
BRIAN,2471-68236,2018-11-30,14:59 UTC,,BRIAN_2018-11-30 14:50:20
BRIAN,2471-68259,2018-11-30,15:00 UTC,,BRIAN_2018-11-30 14:50:20
BRIAN,2471-68025,2018-11-30,15:01 UTC,,BRIAN_2018-11-30 14:50:20
BECCA,2701-39091,2018-11-30,15:06 UTC,,BECCA_2018-11-30 15:05:47
BECCA,2471-68025,2018-11-30,15:06 UTC,,BECCA_2018-11-30 15:05:47
BECCA,2471-68259,2018-11-30,15:08 UTC,,BECCA_2018-11-30 15:05:47
BRIAN,2701-39091,2018-11-30,15:11 UTC,,BRIAN_2018-11-30 14:50:20
BRIAN,2741-54668,2018-11-30,15:23 UTC,,BRIAN_2018-11-30 14:50:20
BRIAN,WO_Y,2018-11-30,15:41 UTC,,BRIAN_2018-11-30 15:40:48
BRIAN,2741-54668,2018-11-30,15:41 UTC,,BRIAN_2018-11-30 15:40:48
BRIAN,2741-54677,2018-11-30,15:51 UTC,,BRIAN_2018-11-30 15:40:48
KEVIN,2471-68020,2018-11-30,18:22 UTC,,KEVIN_2018-11-30 18:21:36
KEVIN,2471-68236,2018-11-30,18:26 UTC,,KEVIN_2018-11-30 18:21:36
KEVIN,2471-68236,2018-11-30,18:27 UTC,,KEVIN_2018-11-30 18:21:36
KEVIN,2471-68028,2018-11-30,18:28 UTC,,KEVIN_2018-11-30 18:21:36
KEVIN,2471-68236,2018-11-30,18:28 UTC,,KEVIN_2018-11-30 18:21:36
KEVIN,2711-77194,2018-11-30,18:47 UTC,,KEVIN_2018-11-30 18:21:36
KEVIN,2471-68236,2018-11-30,18:50 UTC,,KEVIN_2018-11-30 18:49:55
KEVIN,2711-77194,2018-11-30,18:53 UTC,,KEVIN_2018-11-30 18:50:30
BRIAN,2471-68236,2018-11-30,18:54 UTC,,BRIAN_2018-11-30 18:54:08
KEVIN,2471-68236,2018-11-30,18:56 UTC,,KEVIN_2018-11-30 18:50:30
KEVIN,2471-68236,2018-11-30,18:59 UTC,,KEVIN_2018-11-30 18:50:30
BECCA,2471-68236,2018-11-30,19:00 UTC,,BECCA_2018-11-30 18:49:32
KEVIN,2471-68236,2018-11-30,19:00 UTC,,KEVIN_2018-11-30 18:50:30
KEVIN,2471-68028,2018-11-30,19:01 UTC,,KEVIN_2018-11-30 18:50:30
BRIAN,2471-68028,2018-11-30,19:02 UTC,,BRIAN_2018-11-30 18:54:08
KEVIN,2711-77194,2018-11-30,19:03 UTC,,KEVIN_2018-11-30 18:50:30
KEVIN,2471-68028,2018-11-30,19:04 UTC,,KEVIN_2018-11-30 18:50:30
KEVIN,2471-68236,2018-11-30,19:04 UTC,,KEVIN_2018-11-30 18:50:30
BRIAN,2701-74784,2018-11-30,19:07 UTC,,BRIAN_2018-11-30 18:54:08
BRIAN,-_PY,2018-11-30,19:16 UTC,,BRIAN_2018-11-30 18:54:08
KEVIN,2471-68026,2018-11-30,19:44 UTC,,KEVIN_2018-11-30 19:44:01
KEVIN,2741-54668,2018-11-30,19:48 UTC,,KEVIN_2018-11-30 19:44:01
KEVIN,2741-54668,2018-11-30,19:49 UTC,,KEVIN_2018-11-30 19:44:01
KEVIN,2471-68028,2018-11-30,20:17 UTC,,KEVIN_2018-11-30 20:16:06
KEVIN,2471-68236,2018-11-30,20:20 UTC,,KEVIN_2018-11-30 20:16:06
KEVIN,2741-54668,2018-11-30,20:22 UTC,,KEVIN_2018-11-30 20:16:06
BRIAN,2701-74793,2018-12-01,12:55 UTC,,BRIAN_2018-12-01 12:53:47
BRIAN,2701-74784,2018-12-01,13:32 UTC,,BRIAN_2018-12-01 13:23:13
BRIAN,2701-74782,2018-12-01,13:34 UTC,,BRIAN_2018-12-01 13:23:13
BRIAN,2701-74781,2018-12-01,13:35 UTC,,BRIAN_2018-12-01 13:23:13
BRIAN,2701-74745,2018-12-01,13:57 UTC,,BRIAN_2018-12-01 13:56:42
BRIAN,2471-68020,2018-12-01,14:19 UTC,,BRIAN_2018-12-01 14:15:37
BRIAN,2701-74747,2018-12-01,14:20 UTC,,BRIAN_2018-12-01 14:15:37
BRIAN,2701-74748,2018-12-01,14:22 UTC,,BRIAN_2018-12-01 14:15:37
KEVIN,2701-74783,2018-12-01,15:03 UTC,,KEVIN_2018-12-01 15:02:44
BRIAN,2701-74781,2018-12-01,15:05 UTC,,BRIAN_2018-12-01 14:55:36
KEVIN,2471-68099,2018-12-01,20:24 UTC,,KEVIN_2018-12-01 20:24:00
KEVIN,2840-12279,2018-12-02,13:54 UTC,,KEVIN_2018-12-02 13:52:48
KEVIN,2701-74793,2018-12-02,13:55 UTC,,KEVIN_2018-12-02 13:52:48
KEVIN,YP_G,2018-12-02,13:55 UTC,,KEVIN_2018-12-02 13:52:48
ESTHER,2741-54668,2018-12-03,14:09 UTC,,ESTHER_2018-12-03 14:08:31
ESTHER,2701-74747,2018-12-03,14:09 UTC,,ESTHER_2018-12-03 14:08:31
ESTHER,2471-68020,2018-12-03,14:25 UTC,,ESTHER_2018-12-03 14:08:31
ESTHER,2711-54868,2018-12-03,14:25 UTC,,ESTHER_2018-12-03 14:08:31
BECCA,2471-68203,2018-12-03,14:37 UTC,,BECCA_2018-12-03 14:37:06
BECCA,2701-74763,2018-12-03,14:38 UTC,,BECCA_2018-12-03 14:37:06
BECCA,2471-68236,2018-12-03,14:41 UTC,,BECCA_2018-12-03 14:37:06
BECCA,2741-54668,2018-12-03,14:44 UTC,,BECCA_2018-12-03 14:37:06
BECCA,2471-68028,2018-12-03,14:46 UTC,,BECCA_2018-12-03 14:37:06
KEVIN,2701-74784,2018-12-03,14:54 UTC,,KEVIN_2018-12-03 14:54:20
KEVIN,2741-54668,2018-12-03,15:12 UTC,,KEVIN_2018-12-03 15:04:28
KEVIN,2471-68203,2018-12-03,15:12 UTC,,KEVIN_2018-12-03 15:04:28
KEVIN,2471-68259,2018-12-03,15:22 UTC,,KEVIN_2018-12-03 15:04:28
KEVIN,2701-74787,2018-12-03,15:23 UTC,,KEVIN_2018-12-03 15:04:28
KEVIN,2741-54677,2018-12-03,15:24 UTC,"didn't catch the black band, could still be there",KEVIN_2018-12-03 15:04:28
KEVIN,2840-12279,2018-12-03,15:25 UTC,,KEVIN_2018-12-03 15:04:28
KEVIN,2471-68028,2018-12-03,15:26 UTC,,KEVIN_2018-12-03 15:04:28
KEVIN,2741-54668,2018-12-03,15:26 UTC,,KEVIN_2018-12-03 15:04:28
KEVIN,2741-54677,2018-12-03,15:27 UTC,"never mind, saw the black this time",KEVIN_2018-12-03 15:04:28
KEVIN,2741-54668,2018-12-03,15:29 UTC,,KEVIN_2018-12-03 15:27:32
KEVIN,2741-54668,2018-12-03,15:32 UTC,,KEVIN_2018-12-03 15:27:32
BECCA,2741-54668,2018-12-03,15:44 UTC,,BECCA_2018-12-03 15:43:01
BECCA,2741-54677,2018-12-03,15:44 UTC,,BECCA_2018-12-03 15:43:01
BECCA,2471-68020,2018-12-03,15:49 UTC,,BECCA_2018-12-03 15:43:01
BECCA,2701-74746,2018-12-03,15:51 UTC,,BECCA_2018-12-03 15:43:01
KEVIN,B_GO,2018-12-03,16:51 UTC,,KEVIN_2018-12-03 16:50:54
KEVIN,2701-74763,2018-12-03,16:52 UTC,,KEVIN_2018-12-03 16:50:54
ESTHER,W_OG,2018-12-03,16:55 UTC,,ESTHER_2018-12-03 16:55:04
ESTHER,2471-68095,2018-12-03,16:59 UTC,,ESTHER_2018-12-03 16:55:04
ESTHER,2471-68030,2018-12-03,16:59 UTC,,ESTHER_2018-12-03 16:55:04
ESTHER,2471-68219,2018-12-03,17:02 UTC,,ESTHER_2018-12-03 16:55:04
ESTHER,2471-68219,2018-12-03,17:02 UTC,male,ESTHER_2018-12-03 16:55:04
ESTHER,2701-39096,2018-12-03,17:08 UTC,,ESTHER_2018-12-03 17:08:08
BECCA,2741-54668,2018-12-03,17:09 UTC,,BECCA_2018-12-03 17:08:12
KEVIN,2741-54668,2018-12-03,17:54 UTC,,KEVIN_2018-12-03 17:50:53
KEVIN,2471-68020,2018-12-03,17:57 UTC,,KEVIN_2018-12-03 17:50:53
KEVIN,2471-68010,2018-12-03,17:57 UTC,,KEVIN_2018-12-03 17:50:53
BRIAN,2701-74746,2018-12-03,19:53 UTC,,BRIAN_2018-12-03 19:53:16
BRIAN,2471-68095,2018-12-03,19:53 UTC,,BRIAN_2018-12-03 19:53:16
BRIAN,2471-68219,2018-12-03,19:54 UTC,,BRIAN_2018-12-03 19:53:16
BRIAN,2741-54668,2018-12-03,19:55 UTC,,BRIAN_2018-12-03 19:53:16
BRIAN,2701-74783,2018-12-03,20:01 UTC,,BRIAN_2018-12-03 19:53:16
BRIAN,2791-03502,2018-12-03,20:02 UTC,,BRIAN_2018-12-03 19:53:16
BRIAN,2471-68030,2018-12-03,20:04 UTC,,BRIAN_2018-12-03 19:53:16
KEVIN,2701-39091,2018-12-03,20:18 UTC,,KEVIN_2018-12-03 20:17:40
KEVIN,2711-77194,2018-12-03,20:19 UTC,,KEVIN_2018-12-03 20:17:40
BRIAN,B_GO,2018-12-03,20:22 UTC,,BRIAN_2018-12-03 20:22:05
BRIAN,2471-68028,2018-12-03,20:23 UTC,,BRIAN_2018-12-03 20:22:05
BRIAN,O_OM,2018-12-03,20:24 UTC,,BRIAN_2018-12-03 20:22:05
BRIAN,2421-04201,2018-12-03,20:27 UTC,,BRIAN_2018-12-03 20:22:05
BRIAN,2471-68085,2018-12-03,20:30 UTC,,BRIAN_2018-12-03 20:22:05
BRIAN,B_GO,2018-12-03,20:30 UTC,,BRIAN_2018-12-03 20:22:05
KEVIN,2701-39091,2018-12-03,20:32 UTC,Male,KEVIN_2018-12-03 20:31:43
BRIAN,2471-68011,2018-12-03,20:32 UTC,,BRIAN_2018-12-03 20:22:05
KEVIN,2571-90070,2018-12-03,20:34 UTC,,KEVIN_2018-12-03 20:31:43
KEVIN,2701-39091,2018-12-03,20:34 UTC,,KEVIN_2018-12-03 20:31:43
BRIAN,2471-68028,2018-12-03,20:35 UTC,,BRIAN_2018-12-03 20:22:05
BRIAN,2701-74788,2018-12-03,20:36 UTC,,BRIAN_2018-12-03 20:22:05
BRIAN,2471-68085,2018-12-03,20:36 UTC,,BRIAN_2018-12-03 20:22:05
BRIAN,2711-77169,2018-12-03,20:38 UTC,,BRIAN_2018-12-03 20:22:05
BRIAN,2471-68010,2018-12-03,20:38 UTC,,BRIAN_2018-12-03 20:22:05
BRIAN,2471-68203,2018-12-03,20:41 UTC,,BRIAN_2018-12-03 20:22:05
BECCA,2471-68010,2018-12-03,20:42 UTC,,BECCA_2018-12-03 20:41:15
BECCA,2471-68095,2018-12-03,20:43 UTC,,BECCA_2018-12-03 20:41:15
BECCA,2701-74763,2018-12-03,20:48 UTC,,BECCA_2018-12-03 20:41:15
BECCA,2741-54668,2018-12-03,20:48 UTC,,BECCA_2018-12-03 20:41:15
BRIAN,2741-54668,2018-12-04,12:10 UTC,,BRIAN_2018-12-04 12:09:23
BRIAN,2701-74746,2018-12-04,12:11 UTC,,BRIAN_2018-12-04 12:09:23
ESTHER,2471-68203,2018-12-04,13:21 UTC,,ESTHER_2018-12-04 13:20:32
ESTHER,R_OB,2018-12-04,13:21 UTC,,ESTHER_2018-12-04 13:20:32
ESTHER,2471-68219,2018-12-04,13:22 UTC,,ESTHER_2018-12-04 13:20:32
ESTHER,2701-74787,2018-12-04,13:31 UTC,,ESTHER_2018-12-04 13:20:32
BRIAN,2701-74781,2018-12-04,14:20 UTC,,BRIAN_2018-12-04 14:20:02
BRIAN,1603-45007,2018-12-04,14:50 UTC,Delete this- this is a test,BRIAN_2018-12-04 14:46:10
TEST,-_PY,2018-12-04,15:34 UTC,,TEST_2018-12-04 15:30:22
TEST,2741-54498,2018-12-04,15:37 UTC,"real data, not a test",TEST_2018-12-04 15:30:22
TEST,B_GO,2018-12-04,15:39 UTC,real data,TEST_2018-12-04 15:30:22
TEST,2741-54668,2018-12-04,15:43 UTC,yep,TEST_2018-12-04 15:30:22
TEST,2471-68098,2018-12-04,15:45 UTC,real data,TEST_2018-12-04 15:30:22
TEST,2701-74787,2018-12-04,15:48 UTC,data,TEST_2018-12-04 15:30:22
KEVIN,2471-68095,2018-12-04,16:00 UTC,,KEVIN_2018-12-04 15:59:54
KEVIN,2701-74793,2018-12-04,16:01 UTC,,KEVIN_2018-12-04 15:59:54
KEVIN,2471-68236,2018-12-04,16:01 UTC,,KEVIN_2018-12-04 15:59:54
KEVIN,B_GO,2018-12-04,16:02 UTC,,KEVIN_2018-12-04 15:59:54
KEVIN,2571-90070,2018-12-04,16:03 UTC,,KEVIN_2018-12-04 15:59:54
DENISSE,2711-77169,2018-12-04,16:16 UTC,,DENISSE_2018-12-04 16:14:59
DENISSE,2741-54668,2018-12-04,16:17 UTC,,DENISSE_2018-12-04 16:14:59
DENISSE,2701-74784,2018-12-04,16:19 UTC,saw no purple just yellow on right leg,DENISSE_2018-12-04 16:14:59
DENISSE,2471-68024,2018-12-04,16:20 UTC,,DENISSE_2018-12-04 16:14:59
BECCA,2471-68236,2018-12-04,16:51 UTC,,BECCA_2018-12-04 16:50:30
BECCA,2471-68028,2018-12-04,16:53 UTC,,BECCA_2018-12-04 16:50:30
BECCA,2840-12279,2018-12-04,16:57 UTC,,BECCA_2018-12-04 16:50:30
KEVIN,2701-74747,2018-12-04,21:37 UTC,,KEVIN_2018-12-04 21:36:51
KEVIN,2741-54668,2018-12-04,21:38 UTC,,KEVIN_2018-12-04 21:36:51
BRIAN,2701-74781,2018-12-05,13:36 UTC,,BRIAN_2018-12-05 13:35:21
ESTHER,2471-68219,2018-12-05,14:00 UTC,,ESTHER_2018-12-05 13:59:56
TEST,OG_W,2018-12-05,15:05 UTC,,TEST_2018-12-05 14:44:50
TEST,2471-68227,2018-12-05,15:10 UTC,,TEST_2018-12-05 14:44:50
TEST,2471-68219,2018-12-05,15:15 UTC,,TEST_2018-12-05 14:44:50
TEST,-_Y,2018-12-05,15:16 UTC,,TEST_2018-12-05 14:44:50
TEST,-_PY,2018-12-05,15:19 UTC,,TEST_2018-12-05 14:44:50
TEST,GO_G,2018-12-05,15:21 UTC,,TEST_2018-12-05 14:44:50
TEST,GO_G,2018-12-05,15:23 UTC,,TEST_2018-12-05 14:44:50
TEST,2701-74747,2018-12-05,15:48 UTC,,TEST_2018-12-05 15:41:41
TEST,2701-74783,2018-12-05,15:49 UTC,,TEST_2018-12-05 15:41:41
TEST,2701-74783,2018-12-05,15:50 UTC,,TEST_2018-12-05 15:41:41
TEST,2701-74787,2018-12-05,15:56 UTC,,TEST_2018-12-05 15:41:41
TEST,2471-68098,2018-12-05,15:57 UTC,,TEST_2018-12-05 15:41:41
TEST,2471-68090,2018-12-05,15:58 UTC,,TEST_2018-12-05 15:41:41
TEST,-_PY,2018-12-05,16:01 UTC,,TEST_2018-12-05 15:41:41
TEST,2791-03502,2018-12-05,16:03 UTC,,TEST_2018-12-05 15:41:41
TEST,WM_M,2018-12-05,16:09 UTC,,TEST_2018-12-05 15:41:41
TEST,2701-74784,2018-12-05,16:09 UTC,,TEST_2018-12-05 15:41:41
TEST,1603-45004,2018-12-05,16:13 UTC,,TEST_2018-12-05 15:41:41
TEST,WO_Y,2018-12-05,16:15 UTC,,TEST_2018-12-05 15:41:41
TEST,2471-68020,2018-12-05,16:34 UTC,,TEST_2018-12-05 16:31:45
TEST,2701-74746,2018-12-05,16:37 UTC,,TEST_2018-12-05 16:31:45
TEST,GO_G,2018-12-05,16:50 UTC,,TEST_2018-12-05 16:31:45
TEST,KP_B,2018-12-05,17:10 UTC,,TEST_2018-12-05 17:08:35
TEST,2701-74763,2018-12-05,17:32 UTC,,TEST_2018-12-05 17:30:03
TEST,B_WO,2018-12-05,17:37 UTC,,TEST_2018-12-05 17:30:03
TEST,2711-54868,2018-12-05,17:42 UTC,,TEST_2018-12-05 17:38:12
TEST,2711-77169,2018-12-05,20:52 UTC,,TEST_2018-12-05 20:49:31
TEST,2471-68028,2018-12-05,20:53 UTC,,TEST_2018-12-05 20:49:31
KEVIN,2701-74763,2018-12-06,12:10 UTC,,KEVIN_2018-12-06 12:08:29
KEVIN,2701-39091,2018-12-06,12:11 UTC,,KEVIN_2018-12-06 12:08:29
KEVIN,2701-39091,2018-12-06,12:12 UTC,,KEVIN_2018-12-06 12:08:29
KEVIN,2471-68020,2018-12-06,12:15 UTC,,KEVIN_2018-12-06 12:14:57
KEVIN,2471-68024,2018-12-06,12:15 UTC,,KEVIN_2018-12-06 12:14:57
KEVIN,2840-12279,2018-12-06,12:16 UTC,,KEVIN_2018-12-06 12:14:57
KEVIN,2701-74782,2018-12-06,12:17 UTC,,KEVIN_2018-12-06 12:14:57
KEVIN,2701-74781,2018-12-06,12:38 UTC,,KEVIN_2018-12-06 12:33:13
KEVIN,2701-39091,2018-12-06,12:39 UTC,,KEVIN_2018-12-06 12:33:13
KEVIN,2421-04201,2018-12-06,12:39 UTC,,KEVIN_2018-12-06 12:33:13
KEVIN,2701-74746,2018-12-06,12:44 UTC,,KEVIN_2018-12-06 12:33:13
KEVIN,2701-74783,2018-12-06,13:31 UTC,,KEVIN_2018-12-06 13:27:44
KEVIN,2471-68085,2018-12-06,13:33 UTC,,KEVIN_2018-12-06 13:27:44
BRIAN,2701-74746,2018-12-06,14:06 UTC,,BRIAN_2018-12-06 14:05:20
BRIAN,2741-54668,2018-12-06,14:07 UTC,,BRIAN_2018-12-06 14:05:20
BRIAN,2471-68028,2018-12-06,14:11 UTC,,BRIAN_2018-12-06 14:05:20
BRIAN,2471-68236,2018-12-06,14:14 UTC,,BRIAN_2018-12-06 14:05:20
BRIAN,2571-90070,2018-12-06,14:18 UTC,legs are switched re color bands,BRIAN_2018-12-06 14:05:20
BECCA,2701-74787,2018-12-06,14:25 UTC,,BECCA_2018-12-06 14:25:16
BRIAN,2701-74787,2018-12-06,14:26 UTC,,BRIAN_2018-12-06 14:05:20
BRIAN,2701-74784,2018-12-06,14:28 UTC,,BRIAN_2018-12-06 14:05:20
BECCA,2471-68203,2018-12-06,14:29 UTC,,BECCA_2018-12-06 14:25:16
BECCA,2571-90070,2018-12-06,14:33 UTC,,BECCA_2018-12-06 14:25:16
BECCA,2471-68236,2018-12-06,14:37 UTC,,BECCA_2018-12-06 14:25:16
BECCA,2701-74747,2018-12-06,14:39 UTC,,BECCA_2018-12-06 14:25:16
BRIAN,W_OG,2018-12-06,15:37 UTC,,BRIAN_2018-12-06 15:37:04
BRIAN,2471-68223,2018-12-06,15:44 UTC,,BRIAN_2018-12-06 15:37:04
BRIAN,2741-54677,2018-12-06,15:47 UTC,,BRIAN_2018-12-06 15:37:04
BRIAN,2471-68227,2018-12-06,15:51 UTC,,BRIAN_2018-12-06 15:37:04
KEVIN,2471-68236,2018-12-06,16:06 UTC,,KEVIN_2018-12-06 16:06:00
BECCA,2701-74784,2018-12-06,16:11 UTC,,BECCA_2018-12-06 16:11:17
BECCA,2741-54668,2018-12-06,16:17 UTC,,BECCA_2018-12-06 16:11:17
KEVIN,2471-68219,2018-12-06,16:46 UTC,,KEVIN_2018-12-06 16:33:07
KEVIN,-_PY,2018-12-06,16:49 UTC,,KEVIN_2018-12-06 16:33:07
KEVIN,2471-68028,2018-12-06,17:08 UTC,,KEVIN_2018-12-06 16:33:07
KEVIN,W_OG,2018-12-06,17:15 UTC,,KEVIN_2018-12-06 16:33:07
BRIAN,W_OG,2018-12-06,17:22 UTC,,BRIAN_2018-12-06 17:22:17
BRIAN,GW_K,2018-12-06,17:24 UTC,,BRIAN_2018-12-06 17:22:17
KEVIN,GW_K,2018-12-06,17:25 UTC,,KEVIN_2018-12-06 17:24:56
KEVIN,WM_M,2018-12-06,17:29 UTC,,KEVIN_2018-12-06 17:24:56
BRIAN,2471-68026,2018-12-06,17:30 UTC,,BRIAN_2018-12-06 17:22:17
BRIAN,2701-74763,2018-12-06,17:31 UTC,,BRIAN_2018-12-06 17:22:17
BRIAN,2471-68090,2018-12-06,17:34 UTC,,BRIAN_2018-12-06 17:22:17
BRIAN,2471-68021,2018-12-06,17:35 UTC,,BRIAN_2018-12-06 17:22:17
BRIAN,2840-12279,2018-12-06,17:40 UTC,,BRIAN_2018-12-06 17:22:17
BECCA,2701-74747,2018-12-06,20:22 UTC,,BECCA_2018-12-06 20:16:31
BRIAN,2701-74746,2018-12-06,20:41 UTC,,BRIAN_2018-12-06 20:41:16
BECCA,2701-74784,2018-12-06,20:52 UTC,,BECCA_2018-12-06 20:52:25
BECCA,2701-74787,2018-12-06,20:55 UTC,,BECCA_2018-12-06 20:52:25
BECCA,2471-68219,2018-12-06,20:57 UTC,,BECCA_2018-12-06 20:52:25
BRIAN,2701-39091,2018-12-06,21:47 UTC,,BRIAN_2018-12-06 21:43:06
BECCA,2701-39091,2018-12-06,21:51 UTC,,BECCA_2018-12-06 21:50:47
KEVIN,2701-74745,2018-12-06,21:59 UTC,,KEVIN_2018-12-06 21:58:03
BRIAN,2701-74787,2018-12-07,12:41 UTC,,BRIAN_2018-12-07 12:34:32
TUCKER,2471-68236,2018-12-07,13:59 UTC,,TUCKER_2018-12-07 13:58:07
TUCKER,2471-68090,2018-12-07,14:00 UTC,,TUCKER_2018-12-07 13:58:07
TUCKER,2701-74746,2018-12-07,14:04 UTC,,TUCKER_2018-12-07 13:58:07
TUCKER,2711-77194,2018-12-07,14:17 UTC,,TUCKER_2018-12-07 14:07:42
TUCKER,2571-90070,2018-12-07,14:20 UTC,,TUCKER_2018-12-07 14:07:42
BRIAN,2701-74781,2018-12-07,14:22 UTC,,BRIAN_2018-12-07 14:10:22
BRIAN,2741-54498,2018-12-07,14:24 UTC,,BRIAN_2018-12-07 14:10:22
BRIAN,2471-68236,2018-12-07,14:25 UTC,,BRIAN_2018-12-07 14:10:22
TIM,2741-54498,2018-12-07,14:29 UTC,,TIM_2018-12-07 14:26:50
BRIAN,2471-68028,2018-12-07,14:34 UTC,,BRIAN_2018-12-07 14:10:22
BRIAN,2741-54498,2018-12-07,14:36 UTC,,BRIAN_2018-12-07 14:10:22
BECCA,2741-54498,2018-12-07,14:39 UTC,,BECCA_2018-12-07 14:36:45
BECCA,2741-54668,2018-12-07,14:47 UTC,,BECCA_2018-12-07 14:36:45
BECCA,2471-68025,2018-12-07,14:54 UTC,,BECCA_2018-12-07 14:36:45
BECCA,B_GO,2018-12-07,16:49 UTC,,BECCA_2018-12-07 16:48:54
BECCA,2701-74747,2018-12-07,16:53 UTC,,BECCA_2018-12-07 16:48:54
KEVIN,2571-90159,2018-12-07,16:56 UTC,,KEVIN_2018-12-07 16:55:06
BECCA,2571-90159,2018-12-07,16:58 UTC,,BECCA_2018-12-07 16:48:54
BECCA,2711-77194,2018-12-07,17:02 UTC,,BECCA_2018-12-07 16:48:54
GREG,2701-74783,2018-12-07,17:09 UTC,,GREG_2018-12-07 17:05:35
BECCA,2701-74781,2018-12-07,17:12 UTC,,BECCA_2018-12-07 17:11:24
GREG,2471-68236,2018-12-07,17:13 UTC,,GREG_2018-12-07 17:05:35
BECCA,2471-68236,2018-12-07,17:13 UTC,,BECCA_2018-12-07 17:11:24
BECCA,2701-74787,2018-12-07,17:21 UTC,,BECCA_2018-12-07 17:11:24
TEST,2701-74746,2018-12-07,17:30 UTC,,TEST_2018-12-07 17:29:33
GREG,2471-68219,2018-12-07,17:58 UTC,this bird is a male; Unknown in db so you can update,GREG_2018-12-07 17:56:27
GREG,W_OG,2018-12-07,19:06 UTC,,GREG_2018-12-07 19:05:27
GREG,2471-68098,2018-12-07,19:09 UTC,,GREG_2018-12-07 19:05:27
GREG,2741-54498,2018-12-07,19:14 UTC,,GREG_2018-12-07 19:05:27
GREG,2471-68236,2018-12-07,19:18 UTC,,GREG_2018-12-07 19:05:27
GREG,2701-74787,2018-12-07,19:39 UTC,,GREG_2018-12-07 19:33:44
BECCA,2471-68227,2018-12-07,20:14 UTC,,BECCA_2018-12-07 20:13:09
BECCA,WM_M,2018-12-07,20:15 UTC,,BECCA_2018-12-07 20:13:09
GREG,2471-68227,2018-12-07,20:29 UTC,,GREG_2018-12-07 20:23:23
BECCA,2701-74781,2018-12-07,20:37 UTC,,BECCA_2018-12-07 20:36:51
BRIAN,2701-74745,2018-12-07,20:38 UTC,,BRIAN_2018-12-07 20:25:05
BRIAN,2711-54868,2018-12-07,20:38 UTC,,BRIAN_2018-12-07 20:25:05
BRIAN,2471-68025,2018-12-07,20:39 UTC,,BRIAN_2018-12-07 20:25:05
BECCA,2471-68025,2018-12-07,20:39 UTC,,BECCA_2018-12-07 20:36:51
BRIAN,2701-74747,2018-12-07,20:43 UTC,,BRIAN_2018-12-07 20:25:05
BRIAN,2701-74793,2018-12-07,20:43 UTC,,BRIAN_2018-12-07 20:25:05
BRIAN,2711-54868,2018-12-07,20:44 UTC,,BRIAN_2018-12-07 20:25:05
BRIAN,2471-68227,2018-12-07,20:45 UTC,,BRIAN_2018-12-07 20:25:05
BRIAN,2741-54668,2018-12-07,20:47 UTC,,BRIAN_2018-12-07 20:25:05
BRIAN,2701-74781,2018-12-07,20:48 UTC,,BRIAN_2018-12-07 20:25:05
BRIAN,2840-12359,2018-12-07,20:49 UTC,,BRIAN_2018-12-07 20:25:05
BRIAN,2741-54668,2018-12-07,21:21 UTC,,BRIAN_2018-12-07 21:20:33
KEVIN,2741-54668,2018-12-07,21:21 UTC,,KEVIN_2018-12-07 21:20:28
KEVIN,2471-68030,2018-12-07,21:22 UTC,,KEVIN_2018-12-07 21:20:28
KEVIN,2741-54668,2018-12-07,21:27 UTC,,KEVIN_2018-12-07 21:20:28
TUCKER,2471-68020,2018-12-08,12:59 UTC,,TUCKER_2018-12-08 12:58:06
TUCKER,2471-68203,2018-12-08,13:01 UTC,,TUCKER_2018-12-08 12:58:06
KEVIN,2471-68020,2018-12-08,13:05 UTC,,KEVIN_2018-12-08 13:02:32
KEVIN,2471-68236,2018-12-08,13:05 UTC,,KEVIN_2018-12-08 13:02:32
KEVIN,2711-54868,2018-12-08,13:22 UTC,,KEVIN_2018-12-08 13:21:04
KEVIN,2471-68020,2018-12-08,13:23 UTC,,KEVIN_2018-12-08 13:21:04
KEVIN,2471-68085,2018-12-08,13:25 UTC,,KEVIN_2018-12-08 13:21:04
KEVIN,2701-74787,2018-12-08,13:26 UTC,,KEVIN_2018-12-08 13:21:04
KEVIN,2471-68020,2018-12-08,13:27 UTC,,KEVIN_2018-12-08 13:21:04
KEVIN,2701-74783,2018-12-08,13:28 UTC,,KEVIN_2018-12-08 13:21:04
KEVIN,2471-68085,2018-12-08,13:37 UTC,,KEVIN_2018-12-08 13:30:46
BRIAN,2741-54668,2018-12-08,14:03 UTC,,BRIAN_2018-12-08 14:02:17
BRIAN,2701-74763,2018-12-08,14:03 UTC,,BRIAN_2018-12-08 14:02:17
BRIAN,2471-68020,2018-12-08,14:09 UTC,,BRIAN_2018-12-08 14:02:17
BRIAN,2701-74747,2018-12-08,14:09 UTC,,BRIAN_2018-12-08 14:02:17
BRIAN,2701-74726,2018-12-08,14:18 UTC,,BRIAN_2018-12-08 14:02:17
BRIAN,2471-68020,2018-12-08,14:19 UTC,,BRIAN_2018-12-08 14:02:17
BRIAN,2701-74787,2018-12-08,14:21 UTC,,BRIAN_2018-12-08 14:02:17
BRIAN,2471-68025,2018-12-08,14:24 UTC,,BRIAN_2018-12-08 14:02:17
BRIAN,2701-74748,2018-12-08,14:28 UTC,,BRIAN_2018-12-08 14:02:17
BRIAN,2471-68219,2018-12-08,14:30 UTC,,BRIAN_2018-12-08 14:02:17
BRIAN,2471-68020,2018-12-08,14:31 UTC,,BRIAN_2018-12-08 14:02:17
BRIAN,O_GG,2018-12-08,14:32 UTC,,BRIAN_2018-12-08 14:02:17
BRIAN,2471-68219,2018-12-08,14:33 UTC,,BRIAN_2018-12-08 14:02:17
BRIAN,2701-39091,2018-12-08,14:35 UTC,,BRIAN_2018-12-08 14:02:17
KEVIN,2711-77194,2018-12-08,14:48 UTC,,KEVIN_2018-12-08 14:47:43
KEVIN,2471-68236,2018-12-09,13:36 UTC,,KEVIN_2018-12-09 13:23:16
KEVIN,2741-54668,2018-12-09,13:36 UTC,,KEVIN_2018-12-09 13:23:16
KEVIN,2840-12271,2018-12-09,13:47 UTC,,KEVIN_2018-12-09 13:23:16
KEVIN,W_OG,2018-12-09,14:02 UTC,,KEVIN_2018-12-09 13:23:16
KEVIN,2471-68219,2018-12-09,14:02 UTC,Male,KEVIN_2018-12-09 13:23:16
KEVIN,2711-77194,2018-12-09,14:03 UTC,,KEVIN_2018-12-09 13:23:16
KEVIN,2711-77194,2018-12-09,14:06 UTC,,KEVIN_2018-12-09 13:23:16
KEVIN,2750-64378,2018-12-09,14:09 UTC,,KEVIN_2018-12-09 13:23:16
KEVIN,2471-68031,2018-12-09,14:11 UTC,,KEVIN_2018-12-09 13:23:16
ESTHER,2471-68233,2018-12-10,13:22 UTC,,ESTHER_2018-12-10 13:21:40
ESTHER,2471-68020,2018-12-10,13:22 UTC,,ESTHER_2018-12-10 13:21:40
ESTHER,2701-74747,2018-12-10,13:23 UTC,,ESTHER_2018-12-10 13:21:40
BECCA,2471-68020,2018-12-10,14:23 UTC,,BECCA_2018-12-10 14:22:11
KEVIN,2471-68020,2018-12-10,15:03 UTC,,KEVIN_2018-12-10 15:02:10
KEVIN,2471-68020,2018-12-10,15:10 UTC,,KEVIN_2018-12-10 15:02:10
BRIAN,2471-68219,2018-12-10,16:17 UTC,,BRIAN_2018-12-10 16:17:23
BRIAN,2701-74793,2018-12-10,16:20 UTC,,BRIAN_2018-12-10 16:17:23
BRIAN,2571-90070,2018-12-10,16:20 UTC,,BRIAN_2018-12-10 16:17:23
BECCA,1793-94807,2018-12-10,17:28 UTC,,BECCA_2018-12-10 17:19:14
BECCA,2741-54668,2018-12-10,21:00 UTC,,BECCA_2018-12-10 20:58:37
BECCA,2701-74787,2018-12-11,13:46 UTC,,BECCA_2018-12-11 13:39:23
BECCA,2701-74746,2018-12-11,13:51 UTC,,BECCA_2018-12-11 13:39:23
BECCA,1603-45007,2018-12-11,13:56 UTC,,BECCA_2018-12-11 13:39:23
BECCA,2701-39091,2018-12-11,14:05 UTC,,BECCA_2018-12-11 14:04:49
BECCA,2471-68011,2018-12-11,14:09 UTC,,BECCA_2018-12-11 14:04:49
BECCA,2471-68025,2018-12-11,14:10 UTC,,BECCA_2018-12-11 14:04:49
BECCA,2571-90159,2018-12-11,15:38 UTC,,BECCA_2018-12-11 15:36:52
TEST,2701-74794,2018-12-11,15:56 UTC,here is a comment for mo,TEST_2018-12-11 15:52:03
BECCA,2471-68028,2018-12-11,17:48 UTC,,BECCA_2018-12-11 17:46:56
