siteID,date,observer,forayNumber,startTime,endTime,pathDist
BARBJERMD1,2018-07-05,MAV,1,0955,1039,979
BARBJERMD1,2018-07-05,JYR,2,1008,1047,899
KNIGSALVA1,2018-06-30,MAV,1,0956,1048,1538
KNIGSALVA1,2018-06-30,JYR,2,1005,1100,1560
PIROELADC1,2018-07-16,MAV,1,0953,1103,2574
PIROELADC1,2018-07-16,JYR,2,0955,1048,1480
BOSCJOEDC1,2018-05-28,EIE,1,1000,0100,3540
OWENDORVA1,2018-07-18,JYR,1,1000,1110,1650
STEWBETMD1,2018-05-09,EIE,1,0404,0542,1963
WINSEMIGA1,2018-07-18,AMB,1,0844,1012,1605
RALSJIMPA1,2018-07-01,AMV,1,1000,1130,0
KAPLRACMA1,2018-07-15,KMB,1,1010,1145,0
BIREROYPA1,2018-07-04,AMV,1,1000,1130,0
JACKALADC1,2018-07-20,MAV,1,0939,1110,2972
CRONCHRVA2,2018-07-19,MAV,1,0944,1113,3077
WOODPAUVA1,2018-07-18,MAV,1,0949,1105,2798
CYMRHELDC1,2018-07-20,JYR,1,0958,1136,2310
TATEJUAMD1,2018-07-17,MAV,1,0949,1105,2764
BUISNORVA1,2018-07-19,JYR,1,1000,1105,1530
GOCHJOAMD1,2018-07-13,,,,,
GOCHJOAMD1,2018-07-13,,,,,
MERIMARMA1,2018-07-21,TAH,1,1137,1332,2623
FEINLISMA1,2018-07-13,TAH,1,1150,1331,2430
HOWAJANMA1,2018-07-16,TAH,1,1115,1245,1689
STEPJANMA1,2018-07-15,TAH,1,1100,1232,1915
LOFLKATNC1,2018-07-02,EAF,1,0915,0930,334
LOFLKATNC1,2018-07-02,EAF,2,0940,0955,363
LOFLKATNC1,2018-07-02,EAF,3,0958,1041,1570
SENZIRINC1,2018-07-06,EAF,1,0930,1100,3020
WHEEJENNC1,2018-07-03,EAF,1,0925,1045,2430
WILLCAINC1,2018-07-05,EAF,1,0900,1045,3620
WOLFAMYDC1,2018-06-15,MAV,1,0957,1051,2069
KILGJACGA1,2018-06-16,AMB,1,0744,0942,1
PHARAIMMD1,2018-06-16,MAV,1,0944,1026,1106
SAXTCHRPA1,2018-06-16,AMV,1,1030,1200,0
WATSJOSFL1,2018-06-16,ERF,1,0930,1100,0
FREEJOHFL1,2018-06-17,ERF,1,0930,1100,0
GERHEUNPA1,2018-06-17,DLC,1,1150,1235,0
MATHLYNMA1,2018-06-17,TAH,1,0938,1123,2816
JOHAHEAMA1,2018-06-18,TAH,1,1015,1204,2494
NEWBCARVA1,2018-06-18,JYR,1,1018,1136,2280
NEWBCARVA1,2018-06-18,MAV,2,1010,1056,1293
WISSDAMPA1,2018-06-18,AMV,1,0840,0930,800
WISSDAMPA1,2018-06-18,DLC,1,0840,0930,0
FLAGMARFL1,2018-06-19,ERF,1,0930,1100,1930
PELLLYNMA1,2018-06-19,KMB,1,0944,1128,0
SINGVIRDC1,2018-06-19,JYR,2,0955,1120,1970
SINGVIRDC1,2018-06-19,MAV,1,0953,1058,505
DICKSUSPA1,2018-06-20,AMV,1,1100,1230,0
KIMBMARGA1,2018-06-20,AMB,1,0733,0921,0
KRATANDFL1,2018-06-20,ERF,1,0730,0900,0
MILLKARFL1,2018-06-20,ERF,1,0930,1100,2160
PLANANDGA1,2018-06-21,AMB,1,0702,0909,1
ROBISCOFL1,2018-06-21,ERF,1,0730,0900,2030
TANGLAUDC1,2018-06-21,JYR,1,0955,1150,0
TEAMKARPA1,2018-06-21,AMV,1,1100,1150,1900
TEAMKARPA1,2018-06-21,DLC,1,1100,1150,0
WHITLIZFL1,2018-06-21,ERF,1,0930,1100,2080
BARTTARPA1,2018-06-22,AMV,1,1000,1130,0
BARTTARPA1,2018-06-22,AMV,1,0930,1030,0
BOUDLYNMA1,2018-06-22,TAH,1,1124,1245,1706
LABOPEGMA1,2018-06-22,KMB,1,1014,1150,0
CHARANDMA1,2018-06-25,TAH,1,1044,1107,600
CHARANDMA1,2018-06-25,TAH,2,1114,1207,1046
POVEANGGA1,2018-06-25,JRW,1,0915,1055,1
SCHLROBMD1,2018-06-25,MAV,1,0951,1131,2827
FULLPAMFL1,2018-06-26,ERF,1,0930,1100,1990
KAMILEIVA1,2018-06-26,JYR,1,1020,1210,2800
STACTIMPA1,2018-06-26,AMV,1,1030,1200,0
STUECHRVA2,2018-06-26,MAV,1,1002,1139,2362
BRAXBOBGA1,2018-06-27,AMB,1,0639,0847,2140
HALALEEMA1,2018-06-27,TAH,1,1015,1141,1754
MARTJUAMA1,2018-06-27,KMB,1,0955,1109,0
PRESPENFL1,2018-06-27,ERF,1,0730,0900,0
YOPPINCFL1,2018-06-27,ERF,1,0930,1100,2080
BRADVALGA1,2018-06-28,AMB,1,0752,0940,1290
CHERNADFL1,2018-06-28,ERF,1,0730,0900,1850
OBRICHRMD1,2018-06-28,JYR,1,0955,1145,2770
STALJUDPA1,2018-06-28,AMV,1,1000,1230,0
STURCARMD1,2018-06-28,MAV,1,0953,1128,3455
NIKODONPA1,2018-06-29,AMV,1,1000,1100,0
DESIELAGA1,2018-06-30,AMB,1,0808,1026,2910
NATURTLFL1,2018-06-30,ERF,1,0930,1100,2190
HIGGBETMA1,2018-07-01,TAH,1,0640,1015,6437
MURRSANGA1,2018-07-01,AMB,1,0730,0939,2510
MORETONMA1,2018-07-02,KMB,1,0908,1045,0
DAYLAUFL1,2018-07-03,ERF,1,0800,0930,0
RICHALMA1,2018-07-03,KMB,1,1000,1202,0
test,2018-07-03,REZ,1,0831,0945,150
test,2018-07-03,REZ,2,0912,1315,2756
JONEHARFL1,2018-07-04,ERF,1,0800,0930,0
KEYESUSMD1,2018-07-06,JYR,1,1010,1040,652
CLARCOLDC1,2018-07-07,JYR,1,1012,1124,1920
JAKUSTEMA1,2018-07-07,KMB,1,1020,1237,0
BURNNIKMA1,2018-07-09,KMB,1,0929,1100,0
BOONGREMD2,2018-07-10,MAV,1,0952,1032,1104
BOONGREMD2,2018-07-10,JYR,2,0954,1048,877
NORTLAUGA1,2018-07-12,AMB,1,0800,1001,2375
ZEPKJANMA1,2018-07-11,KMB,1,0920,1100,0
BOYLCOLMA1,2018-07-12,KMB,1,1010,1200,0
HAUSJIMPA1,2018-07-02,AMV,1,1030,1200,0
FISHFERVA1,2018-07-11,MAV,1,0936,1059,3078
ONTAHOUDC1,2018-07-07,MAV,1,0941,1112,1216
MOSMCARMD1,2018-07-12,MAV,1,0944,1058,1176
CLARCOLDC1,2018-07-07,JYR,1,1012,1124,1920
GIRAANGMD1,2018-07-12,MAV,1,0954,1129,2114
OLONMARDC1,2018-07-14,MAV,1,0951,1058,2964
OLONMARDC1,2018-07-14,JYR,2,0955,1109,1560
WINTCHAFL1,2018-06-28,ERF,1,0930,1100,2120
KENTADAFL1,2018-06-18,ERF,1,0930,1100,2030
WESCCATMA1,2018-06-20,TAH,1,1033,1254,
HALLJENMA1,2018-06-24,TAH,1,1038,1248,2784
LAPPHENMA1,2018-06-26,TAH,1,1048,1225,2221
MURPELEMA1,2018-06-29,TAH,1,1157,1354,2768
SHEAMARMA1,2018-07-03,TAH,1,1106,1242,2430
GRIFRACMA1,2018-07-02,TAH,1,1123,1332,3412
VERSMATMA1,2018-07-05,TAH,1,1137,1301,2172
GAIEMELMA1,2018-07-04,TAH,1,1045,1222,2414
BRYAANGFL1,2018-06-23,ERF,1,0930,1100,1880
PATCLORDC1,2018-06-20,JYR,1,1008,1121,1880
VERSBETMD2,2018-06-29,MAV,1,0951,1038,1245
VERSBETMD2,2018-06-29,JYR,2,0955,1038,1405
SILLSCOMD1,2018-07-03,JYR,1,0954,1123,2120
SILLSCOMD1,2018-07-03,MAV,2,0955,1042,2108
SURNSANMA1,2018-07-10,TAH,1,1119,1258,3701
STEVSADMA1,2018-07-08,TAH,1,1103,1211,2349
BULLTHOMA1,2018-07-11,TAH,1,1048,1245,2929
BENNBILMA1,2018-07-12,TAH,1,0720,1019,3186
TOSCPAMMA1,2018-07-12,TAH,1,1047,1250,2108
BROWANNDC1,2018-06-27,JYR,1,0904,1018,2350
BROWANNDC1,2018-06-27,MAV,2,0859,1031,2787
BLANBETMD1,2018-07-12,JYR,1,1000,1106,1860
LOWRSTEFL1,2018-06-29,ERF,1,0930,1100,1970
DOWDMIRNC1,2018-06-23,EAF,1,1000,1130,3150
FERNKARNC1,2018-07-07,EAF,1,0950,1115,2490
FOSTSTENC1,2018-06-28,EAF,1,0935,1138,4150
GERWJOHNC1,2018-06-25,EAF,1,1000,1055,1400
GERWJOHNC1,2018-06-25,EAF,2,1115,1142,1380
GOINJANNC1,2018-07-13,EAF,1,1030,1200,2910
HARVSUENC1,2018-06-19,EAF,1,0900,1115,2930
HINTLORNC1,2018-07-09,EAF,1,1000,1138,3590
JENSKEINC1,2018-06-20,EAF,1,0915,1000,1450
JENSKEINC1,2018-06-20,EAF,2,1015,1055,1530
KALIELINC1,2018-06-29,EAF,1,0910,1020,2160
KALIELINC1,2018-06-29,EAF,2,1030,1102,1037
MCCODINNC1,2018-06-21,EAF,1,0950,1140,3370
MOSELYNNC1,2018-07-12,EAF,1,1040,1200,2020
NEWTROBNC1,2018-06-30,EAF,1,0900,1045,3000
OWENEDDNC1,2018-07-01,EAF,1,0930,1046,2170
OWENEDDNC1,2018-07-01,EAF,2,1055,1120,630
OWENEDDNC1,2018-07-01,EAF,3,1122,1135,515
ROBELINNC1,2018-07-10,EAF,1,0930,1130,3320
ROSETRANC1,2018-07-11,EAF,1,0930,1030,2010
SALITYLNC1,2018-06-27,EAF,1,1030,1130,1830
SALITYLNC1,2018-06-27,EAF,2,1139,1205,781
SPEAMARNC2,2018-06-22,EAF,1,1000,1100,1930
WOLFMARNC1,2018-06-15,EAF,1,1030,1130,1510
WOUKKARNC1,2018-06-18,EAF,1,0925,1045,1990
ATHEJIMMA2,2016-06-20,SMB,1,1425,1542,800
NICHGLONC1,2017-04-26,AJB,1,0923,1110,1190
CAMPSUSNC1,2017-05-04,AJB,1,0855,1115,1250
DURBLAUNC1,2017-06-15,AJB,1,0605,0625,310
DURBLAUNC1,2017-06-15,AJB,2,0920,1100,1120
PELLVOLMA1,2017-06-19,JLK,1,1000,1055,2930
WILDSIEMA1,2017-07-30,JLK,1,1045,1200,1500
WILDSIEMA1,2017-07-30,,0,,,0
HERRJAYFL1,2018-04-14,ERF,1,0930,1100,2400
STEPGREFL1,2018-04-16,ERF,1,0930,1100,1790
NOSSANDFL1,2018-04-17,ERF,1,0930,1100,1970
PROWGARFL1,2018-04-18,ERF,1,0930,1100,2140
CIBUJEAFL1,2018-04-19,ERF,1,0930,1100,2310
BLOOLEEFL1,2018-04-20,ERF,1,0930,1100,1990
LICHJERFL1,2018-04-24,ERF,1,0930,1100,2410
BARNCYNCO1,2018-04-25,CAW,1,1030,1120,1450
ELLIJONFL1,2018-04-25,ERF,1,0930,1100,1870
GOWAJOAFL1,2018-04-28,ERF,1,0930,1100,2310
BANDCATFL1,2018-04-30,ERF,1,0930,1100,1980
RACKTRACO1,2018-05-01,CAW,1,0920,1015,1820
STRARICFL1,2018-05-02,ERF,1,0930,1100,2380
CASTTOMNC1,2018-05-03,EAF,1,1100,1300,4820
COXANDFL1,2018-05-03,ERF,1,0930,1100,2750
SPLAMARMA2,2018-05-03,KMB,1,0912,1100,2350
BOSCJOEDC1,2018-05-04,EIE,1,1000,1242,3540
BOSCJOEDC1,2018-05-04,,0,,,0
JACOSUSFL1,2018-05-04,ERF,1,0730,0900,2120
WILDSIEMA1,2018-05-04,DTM,1,0913,1144,2830
WILDSIEMA1,2018-05-04,DTM,1,0913,1144,0
LAUESARFL1,2018-05-05,ERF,1,0930,1100,1950
DELMMARCO1,2018-05-06,CAW,1,0950,1040,1020
BEALTOMMD1,2018-05-07,EIE,1,0803,1025,4220
GOODNANMA1,2018-05-07,KMB,1,0901,1035,2270
JANTCARCO1,2018-05-07,CAW,1,0950,1030,1220
SCHRCATCO1,2018-05-08,CAW,1,0930,1030,1900
WHELGWEMA1,2018-05-08,DTM,1,0915,1128,0
AAROJESFL1,2018-05-09,ERF,1,0730,0900,2240
CALLEVEMA1,2018-05-09,KMB,1,0902,1108,2630
SULLLORCO1,2018-05-09,CAW,1,0935,1030,1860
BOUGROBFL1,2018-05-10,ERF,1,0730,0900,2010
DOPPJANMA1,2018-05-10,KMB,1,0924,1156,0
GORNSARCO1,2018-05-10,CAW,1,0955,1040,1680
DOYLPHIMA1,2018-05-11,KMB,1,0935,1157,0
CLARBRYMA1,2018-05-13,KMB,1,0811,1007,3460
KOWAELIFL1,2018-05-13,ERF,1,0930,1100,1800
BOHLGEOCO1,2018-05-14,CAW,1,0950,1050,1460
CANNANNMA1,2018-05-14,DTM,1,0950,1226,0
CONNJOHNC1,2018-05-14,EAF,1,1035,1200,2640
KARMALYPA3,2018-05-16,AMV,1,1000,1130,0
KARMALYPA3,2018-05-16,,0,,,0
SHARAMACO1,2018-05-16,CAW,1,0910,1005,1460
GERSREBCO1,2018-05-18,CAW,1,1105,1158,1810
LAMMLAUFL1,2018-05-18,ERF,1,0930,1100,0
ATHEJIMMA2,2018-05-20,JLK,1,0955,1055,0
ATHEJIMMA2,2018-05-20,DTM,2,1219,1248,614
ATHEJIMMA2,2018-05-20,,0,,,0
AKREMICMA1,2018-05-21,JLK,1,0955,1055,0
AKREMICMA1,2018-05-21,DTM,2,1219,1248,614
AKREMICMA1,2018-05-21,,0,,,0
CALVCARMA1,2018-05-21,KMB,1,0851,1038,0
CALVCARMA1,2018-05-21,,0,,,0
REIMAMBCO1,2018-05-21,CAW,1,0845,0938,1680
DOYLJAMFL1,2018-05-23,ERF,1,0730,0900,1680
DOYLJAMFL1,2018-05-23,,0,,,0
HALLGRAFL1,2018-05-23,ERF,1,0930,1100,0
HALLGRAFL1,2018-05-23,,0,,,0
JORGJANMA1,2018-05-24,DTM,1,0955,1130,0
JORGJANMA1,2018-05-24,,0,,,0
FAERHOWMA1,2018-05-25,DTM,1,0952,1140,0
FAERHOWMA1,2018-05-25,,0,,,0
HAGGHENCO1,2018-05-25,CAW,1,0940,1030,1540
HAZZIANFL1,2018-05-25,ERF,1,0730,0900,1880
HAZZIANFL1,2018-05-25,,0,,,0
KLUBKARFL1,2018-05-25,ERF,1,0930,1100,0
KLUBKARFL1,2018-05-25,,0,,,0
PINKSUSPA1,2018-05-25,AMV,1,0935,1110,2660
PINKSUSPA1,2018-05-25,RWR,2,0935,1110,2660
PINKSUSPA1,2018-05-25,,0,,,0
WHEATPKMD1,2018-05-25,,0,,,0
BAKENANMA1,2018-05-26,DTM,1,0945,1120,0
BAKENANMA1,2018-05-26,,0,,,0
QUIMKIMPA1,2018-05-26,AMV,1,1045,1245,900
QUIMKIMPA1,2018-05-26,,0,,,0
TREVDENCO1,2018-05-26,CAW,1,0920,1005,1780
AZARCARPA1,2018-05-27,AMV,1,1100,1240,0
AZARCARPA1,2018-05-27,,0,,,0
BERNDIACO1,2018-05-28,CAW,1,1045,1120,1710
BLOCDAVMD1,2018-05-29,EIE,1,0932,1144,2735
BLOCDAVMD1,2018-05-29,,0,,,0
CAMPPAUFL1,2018-05-29,ERF,1,0930,1100,1970
GERBGIGPA1,2018-05-29,AMV,1,1030,1250,0
HUNTDAVMD2,2018-05-29,JYR,1,0950,1110,1690
GECACARVA1,2018-05-30,EIE,1,0945,1118,1930
GARDVALMD1,2018-05-31,EIE,1,0830,1015,2650
RAVECATPA1,2018-05-31,AMV,1,1000,1100,900
FLAMSCOFL1,2018-06-01,ERF,1,0930,1100,2010
HENJELAFL1,2018-06-03,ERF,1,0930,1129,0
KORNHARFL1,2018-06-03,ERF,1,0730,0900,0
LAFOMELVA1,2018-06-04,JYR,1,0950,1128,1670
BLUEHPKGA1,2018-06-05,AMB,1,0737,0958,1
LYNCPATPA1,2018-06-05,AMV,1,1030,1130,0
DRISMARCO1,2018-06-06,CAW,1,1002,1049,1740
DWORBARPA1,2018-06-06,AMV,1,1100,1230,0
LANDCELVA1,2018-06-06,JYR,1,1000,1130,0
MCCOWALFL1,2018-06-06,ERF,1,0800,0930,0
REIDLOLMA1,2018-06-06,KMB,1,1024,1232,0
PLACGIRFL1,2018-06-07,ERF,1,0730,0900,0
SILVCELFL1,2018-06-07,ERF,1,0930,1100,1920
THERLARMA1,2018-06-07,KMB,1,1020,1240,0
THERLARMA1,2018-06-07,TAH,1,1020,1240,0
ANDRKENVA1,2018-06-08,MAV,1,0734,0904,2574
HANNNANMD1,2018-06-08,JYR,1,1010,1145,2120
HAZZANNMA1,2018-06-08,KMB,1,0924,1109,0
HAZZANNMA1,2018-06-08,TAH,1,0924,1109,0
WIEBFRAMD1,2018-06-08,JYR,1,0800,0953,2240
CHANSYLGA1,2018-06-09,AMB,1,0906,1101,0
GOWAGEOFL1,2018-06-09,ERF,1,0930,1100,2250
MILTMIKVA1,2018-06-09,MAV,1,0951,1105,3489
GRANIANFL1,2018-06-10,ERF,1,0910,1040,1860
GHILCOLGA1,2018-06-11,AMB,1,0812,1006,2
KNOXMIKFL1,2018-06-11,ERF,1,0930,1100,2180
ROMANICMA1,2018-06-11,KMB,1,1026,1150,0
ROMANICMA1,2018-06-11,TAH,1,1026,1150,0
SADLCHRPA1,2018-06-11,AMV,1,0945,1130,0
WILLTINVA1,2018-06-11,MAV,1,0703,0844,1977
YOUNKIMVA1,2018-06-11,MAV,1,0850,1009,1675
ABBOTOMCO1,2018-06-12,CAW,1,1005,1058,1820
BROWANNMD1,2018-06-12,MAV,1,0947,1131,2106
HILLSALMA1,2018-06-12,KMB,1,1016,1225,2687
PFEIJOHFL1,2018-06-12,ERF,1,0930,1100,1820
STRAELEGA1,2018-06-12,AMB,1,0727,0926,1
WILLRAJMD1,2018-06-12,JYR,1,0958,1202,0
COPEHAZPA1,2018-06-13,AMV,1,1030,1130,0
HIGGBETMA1,2018-06-13,KMB,1,1030,1240,0
LEONTESDC1,2018-06-13,JYR,1,0950,1145,3138
WISSSTEGA1,2018-06-13,AMB,1,0739,0924,1
ALEXROBPA1,2018-06-14,AMV,1,1100,1200,1700
ALEXROBPA1,2018-06-14,DLC,1,1100,1200,0
BILLPAIDC1,2018-06-14,JYR,1,0957,1228,0
KINGGEOMA1,2018-06-14,KMB,1,0934,1138,0
WILEKATGA1,2018-06-14,AMB,1,0743,0935,1
ASSMCARMD1,2018-06-15,MAV,1,1003,1126,2949
BYERHEAPA1,2018-06-15,AMV,1,1000,1130,0
DONOLORDC2,2018-06-15,MAV,1,0958,1131,2069
PIEPSUSMA1,2018-06-15,KMB,1,1028,1206,0
WOLFAMYDC1,2018-06-15,JYR,2,1000,1056,1550
CASEWENMA1,2018-05-27,KMB,1,0940,1030,1670
CASEWENMA1,2018-05-27,,1,0940,1030,1030
MCKICAIMA1,2018-07-10,KMB,1,1016,1150,0
MILLMARFL1,2018-04-21,ERF,1,0930,1430,2390
WELLBREFL1,2018-06-04,ERF,1,0930,1100,2100
HOSTMARFL1,2018-05-12,ERF,1,0930,1100,1750
INGRBENFL1,2018-05-30,ERF,1,0930,0957,410
ADAMVICFL1,2018-05-16,ERF,1,0930,1100,2130
ANDRJENFL1,2018-05-09,ERF,1,0930,1100,2250
CARLDAVFL1,2018-04-26,ERF,1,0930,1100,2090
WILLJIMFL1,2018-06-02,ERF,1,0930,1100,1910
SHAHMAUFL1,2018-05-20,ERF,1,0910,1040,0
ROBIRONFL1,2018-05-21,ERF,1,0930,1100,1920
CASEANNFL1,2018-05-08,ERF,1,0930,1100,2010
CHURCARFL1,2018-06-05,ERF,1,0930,1100,1860
LEWASUSMA1,2018-06-21,TAH,1,1051,1309,1867
LEWASUSMA1,2018-06-21,HLC,1,1050,1320,1600
ROSEJOSMA1,2018-06-15,TAH,1,1029,1245,2735
CAMPGINFL1,2018-05-10,ERF,1,0930,1100,1990
DAVIALIVA1,2018-05-30,JYR,1,0950,1150,1459
GOROCARDC1,2018-05-28,JYR,1,0735,0927,3480
WIKACORMD1,2018-07-17,JYR,1,1000,1050,1290
SALOSHEMD1,2018-05-03,JYR,1,1002,1139,2580
SALOSHEMD1,2018-05-03,,,,,
FARYSIMMD1,2018-05-05,EIE,1,0935,1100,2260
FARYSIMMD1,2018-05-05,,,,,
FARYSIMMD1,2018-05-05,,,,,
REITBOBMD1,2018-05-04,EIE,1,1005,1150,2520
REITBOBMD1,2018-05-04,,,,,
JACOSYDMD1,2018-05-08,EIE,1,1000,1102,1782
JACOSYDMD1,2018-05-08,,,,,
FUISLISVA2,2018-05-15,EIE,1,0943,1144,3150
FUISLISVA2,2018-05-15,,0,,,0
COLSKATMD1,2018-06-02,JYR,1,0955,1146,3664
STANJEFMD1,2018-05-01,JYR,1,1015,1155,2740
STANJEFMD1,2018-05-01,,,,,
STANJEFMD1,2018-05-01,,,,,
CAMPROSMD1,2018-05-02,EIE,1,0950,1130,3180
CAMPROSMD1,2018-05-02,,,,,
CAMPGLOMD1,2018-04-30,JYR,1,1025,1237,3310
CAMPGLOMD1,2018-04-30,,,,,
CAMPGLOMD1,2018-04-30,,,,,
GOCHJOAMD1,2018-07-13,MAV,1,0945,1056,2555
FREYFREMD1,2018-07-23,JYR,1,0952,1100,1620
FREYFREMD1,2018-07-23,MAV,2,0954,1052,1554
SHERALEMA1,2018-07-21,KMB,1,0939,1120,0
MALTELIMA1,2018-07-20,KMB,1,1015,1200,1910
VEARRICMA1,2018-07-13,KMB,1,1030,1210,0
KANEBRIMA1,2018-06-17,KMB,1,0954,1205,0
AKREMICMA2,2018-07-23,TAH,1,0904,1047,1738
BAUGSHEVA1,2018-06-08,MAV,1,0941,1126,2735
DONOLORDC2,2018-06-13,MAV,1,0958,1131,2439
MCDOELIVA1,2018-06-07,JYR,1,1020,1151,1640
MCDOELIVA1,2018-06-07,MAV,2,1021,1111,1770
MCDOELIVA1,2018-06-07,JYR,1,1020,1151,1640
MCDOELIVA1,2018-06-07,MAV,2,1021,1111,1770
BALASUCMD1,2018-06-05,RWR,1,1008,1058,1270
BALASUCMD1,2018-06-05,JYR,2,1125,1226,2700
ARGEGIONC1,2018-04-16,RWR,1,1147,1235,820
ARGEGIONC1,2018-04-16,EAF,2,1147,1235,820
BACHMARNC1,2018-04-19,EAF,1,1000,1130,2350
LANGPETMA1,2018-07-24,TAH,1,1100,1239,2655
BAILPATNC1,2018-04-25,EAF,1,1042,1215,2150
HOUSJONGA1,2018-07-25,AMB,1,0836,0939,0
MIRKJOEMA1,2018-07-25,TAH,1,0924,1035,0
ROHRSALMD1,2018-07-25,JYR,1,1005,1047,1000
ROHRSALMD1,2018-07-25,MAV,2,1005,1041,1023
HOYTHARGA1,2018-07-26,AMB,1,0753,0853,0
DOUGSANFL1,2018-05-22,ERF,1,0930,1100,1930
JAKUJULMA1,2018-07-27,TAH,1,0703,0837,2510
PALUMATFL1,2018-05-19,ERF,1,0930,1100,1690
RAUNERIMD2,2018-07-27,MAV,1,0951,1110,3123
VONGJENMD1,2018-07-26,MAV,1,0952,1121,2962
HAGODEBCO1,2018-07-14,CAW,1,1040,1127,2240
BIRDCONCO1,2018-07-10,CAW,1,1010,1056,1640
JEANVICCO1,2018-07-03,CAW,1,1047,1128,1780
LYBAALICO1,2018-06-29,CAW,1,1035,1116,1520
WILTALLCO1,2018-06-28,CAW,1,1035,1102,1390
PHENTRACO1,2018-06-26,CAW,1,1010,1052,1340
NICKSHECO1,2018-06-25,CAW,1,1125,1200,960
RESZJAYCO1,2018-06-18,CAW,1,1005,1052,1940
FRITDENCO1,2018-06-16,CAW,1,1017,1102,2120
PERNMIKMD1,2018-07-28,MAV,1,0950,1114,1323
MARRPETMD2,2018-07-27,JYR,1,1004,1132,1160
PERRCHRMD1,2018-07-28,JYR,1,0955,1040,1800
KESTSABDC1,2018-07-26,JYR,1,0958,1123,2510
CHALMICGA1,2018-07-29,AMB,1,0659,0810,750
ALCOKENGA1,2018-07-28,AMB,1,0854,1024,1340
SAPPBILGA1,2018-07-29,AMB,1,0711,0853,1520
DICKEMMGA1,2018-07-30,AMB,1,0851,1040,1700
BEARKARNC1,2018-05-15,EAF,1,1100,1222,2120
BEARKARNC1,2018-05-15,EAF,2,1312,1330,546
BEEGERLNC1,2018-04-27,EAF,1,1020,1240,3330
BROANANNC1,2018-05-10,EAF,1,1035,1311,4023
BUDNNORNC1,2018-05-01,EAF,1,1045,1245,2240
BURGRENNC1,2018-05-18,EAF,1,1130,1300,2130
BURNDENNC1,2018-05-09,EAF,1,1045,1320,3930
CAMPSUSNC1,2018-06-05,EAF,1,1115,1300,3110
COTTVANNC1,2018-06-13,EAF,1,1015,1220,4000
CRAIJOSNC1,2018-05-19,,,,,
CRAIJOSNC1,2018-07-08,EAF,1,0645,0800,2850
DEBRMARNC1,2018-04-20,EAF,1,0740,0834,1100
HEADDOTGA1,2018-08-05,AMB,1,0707,0819,1200
BELMNIKGA1,2018-08-05,AMB,1,0840,1012,1530
STEPMARGA1,2018-08-03,AMB,1,0848,1019,2420
DURBLAUNC1,2018-06-06,EAF,1,1100,1200,1910
TALEKELGA1,2018-08-07,AMB,1,0740,0924,2340
THOMGRECO1,2018-06-13,CAW,1,1010,1100,1550
HOUSLINCO1,2018-06-05,CAW,1,1025,1115,1710
WARDROYCO1,2018-05-31,CAW,1,1010,1045,950
ROBEKATCO1,2018-05-30,CAW,1,0935,1015,1880
SARGLANCO1,2018-05-29,CAW,1,0950,1040,1550
GERWJOHNC1,2018-07-19,,,,,
HAGACOUNC1,2018-04-23,EAF,1,0802,0932,1550
HAHNMARNC1,2018-04-17,RWR,1,0850,0950,1890
HAHNMARNC1,2018-04-17,EAF,2,0850,0950,1890
HOPKMARGA1,2018-08-09,AMB,1,0708,0902,1550
HOPKMARGA1,2018-08-09,AMB,1,0708,0902,1550
HARABARNC1,2018-05-08,EAF,1,1035,1320,4340
BURGMARCO1,2018-06-27,MMB,1,0930,0945,402
CARRPAGCO1,2018-06-07,MMB,1,1040,1115,1600
HISKSUZCO1,2018-06-21,MMB,1,0930,0955,965
HAZEALICO1,2018-06-14,MMB,1,1040,1115,1206
IVESALINC1,2018-06-07,EAF,1,1045,1110,574
IVESALINC1,2018-06-07,EAF,2,1135,1250,1800
GERKGINCO1,2018-06-04,MMB,1,1115,1145,750
HOUSELICO1,2018-06-19,MMB,1,0950,1025,1207
SULLKELCO1,2018-06-26,MMB,1,1045,1120,874
GETZGLEPA1,2018-07-07,AMV,1,1100,1200,0
RYANKATCO1,2018-07-09,MMB,1,1100,1140,1470
STROJEACO1,2018-06-09,MMB,1,1040,1120,2414
WILLTOMCO1,2018-06-08,MMB,1,1000,1030,1620
KNIGKENNC2,2018-06-14,,,,,
FROSKATCO1,2018-06-11,MMB,1,1100,1130,1215
LIPSMARNC1,2018-06-11,EAF,1,1050,1139,1880
MANDMARNC1,2018-06-09,EAF,1,1100,1205,1530
MANDMARNC1,2018-06-09,EAF,2,1208,1228,765
MORRDOUPA1,2018-07-15,AMV,1,1100,1200,0
KARMALYPA3,2018-07-18,AMV,1,1030,1130,0
HASHTAMPA1,2018-07-19,AMV,1,0930,1030,0
YEANDAVPA1,2018-07-27,AMV,1,1030,1130,500
YEANDAVPA1,2018-07-27,DLC,1,1030,1130,0
BALDARTPA1,2018-07-28,AMV,1,0930,1045,500
BALDARTPA1,2018-07-28,DLC,1,0930,1040,0
HOPEGREPA1,2018-07-29,AMV,1,0834,0941,500
HOPEGREPA1,2018-07-29,DLC,1,0830,0941,500
RIGAMARPA1,2018-07-30,AMV,1,0751,0840,1000
RIGAMARPA1,2018-07-30,DLC,1,0751,0840,1000
MCGEMANPA1,2018-07-31,AMV,1,0833,0915,500
MCGEMANPA1,2018-07-31,DLC,1,0833,0915,800
MEADRUTNC1,2018-04-18,EAF,1,1000,1117,1900
LINDOLIPA1,2018-08-04,AMV,1,1000,1130,0
KOBEDANPA1,2018-08-05,AMV,1,1000,1100,800
PENNGRANC1,2018-06-26,,,,,
MARNMELPA1,2018-08-13,AMV,1,1030,1130,0
SANFTIFNC1,2018-05-12,EAF,1,1100,1215,1930
SIMPEDWNC1,2018-05-20,EAF,1,1300,1430,1840
SORECLYNC1,2018-04-30,EAF,1,1011,1201,2960
TAYLJERNC1,2018-06-08,EAF,1,1045,1220,2820
WALTANNNC1,2018-05-04,EAF,1,1100,1245,3510
WANGMATNC1,2018-05-02,EAF,1,1045,1145,1850
WILLAMBNC1,2018-06-12,EAF,1,1010,1130,1880
KINGHUGCO1,2018-06-12,MMB,1,1000,1038,970
BERASHEPA1,2018-05-29,RSM,1,1100,1200,0
LEEJOEPA1,2018-06-09,AMV,1,0930,1030,0
NIKODONPA1,2018-06-29,AMV,1,1000,1030,0
NEWTMICPA1,2018-07-24,RSM,1,0745,0820,1000
NEWTMICPA1,2018-07-24,AMV,1,0745,0820,1000
NEWTMICPA1,2018-07-24,DLC,1,0745,0820,0
WOHLKENCO1,2018-06-02,CAW,1,1018,1059,1560
